{
  "swagger": "2.0",
  "info": {
    "description": "Guest Lookup Fresh Buzz API",
    "version": "1.0.0",
    "title": "guest-lookup-fresh-buzz",
    "contact": {
      "name": "API Support",
      "email": "nikhil.z.kumar@accenture.com"
    },
    "license": {
      "name": "Apache 2.0",
      "url": "http://www.apache.org/licenses/LICENSE-2.0.html"
    }
  },
  "host": "c6nrvco0y5.execute-api.us-east-2.amazonaws.com",
  "basePath": "/dev",
  "schemes": [
    "https"
  ],
  "paths": {
    "/guest-lookup-fresh-buzz": {
      "post": {
        "summary": "Guest Lookup Fresh Buzz API",
        "consumes": [
          "application/json"
        ],
        "produces": [
          "application/json"
        ],
        "parameters": [
          {
            "in": "body",
            "name": "body",
            "description": "Request for guest lookup fresh buzz",
            "required": true,
            "schema": {
              "$ref": "#/definitions/guestLookupFreshBuzzRequest"
            }
          }
        ],
        "responses": {
          "200": {
            "description": "200 response",
            "schema": {
              "$ref": "#/definitions/guestLookupFreshBuzzResponse"
            }
          }
        }
      }
    }
  },
  "definitions": {
    "guestLookupFreshBuzzRequest": {
      "type": "array",
      "items": {
        "type": "object",
        "properties": {
          "Email": {
            "type": "string",
            "example": "freshbuzz-test2018_04_05_05@qasubway.com",
            "description": "Email"
          },
          "Phone": {
            "type": "string",
            "example": "17866837091",
            "description": "Phone Number"
          }
        }
      }
    },
    "guestLookupFreshBuzzResponse": {
      "type": "object",
      "required": [
        "Status"
      ],
      "properties": {
        "Status": {
          "type": "object",
          "description": "Status object consisting response code and message",
          "properties": {
            "code": {
              "type": "string",
              "description": "Response code",
              "example": "0"
            },
            "message": {
              "type": "string",
              "description": "Response message",
              "example": "Success"
            }                        
          }
        },
        "GuestProfile": {
          "type": "object",
          "description": "Guest Profile",
          "items": {
            "$ref": "#/definitions/GuestProfile"
          }
        }
      }
    },
    "GuestProfile": {
      "type": "array",
      "items": {
        "type": "object",
        "required": [
          "Email"
        ],
        "properties": {
          "GuestID": {
            "type": "string",
            "description": "Guest Id",
            "example": "Qh3p0BA"
          },
          "AzureID": {
            "type": "string",
            "description": "Guest Azure Id",
            "example": "az-12314-23234-rt"
          },
          "FirstName": {
            "type": "string",
            "description": "Guest first name",
            "example": "Jon"
          },
          "LastName": {
            "type": "string",
            "description": "Guest last name",
            "example": "Doe"
          },
          "Email": {
            "type": "string",
            "description": "Guest email address",
            "example": "jon.doe@gmail.com"
          },
          "Country": {
            "type": "string",
            "description": "Guest Country",
            "example": "US"
          },
          "Phone": {
            "type": "array",
            "items": {
              "type": "object",
              "properties": {
                "Type": {
                  "type": "string",
                  "description": "Phone number type",
                  "example": "mobile"
                },
                "Number": {
                  "type": "string",
                  "description": "Guest phone number value",
                  "example": "123456789"
                },
                "CountryCode": {
                  "type": "string",
                  "description": "Guest phone number country code",
                  "example": "+1"
                }
              }
            }
          },
          "Address": {
            "type": "object",
            "description": "Guest Address",
            "properties": {
              "Zip": {
                "type": "string",
                "description": "Guest address zip code",
                "example": "12345"
              }
            }
          },
          "Preferences": {
            "type": "array",
            "items": {
              "type": "object",
              "description": "Guest Preferences",
              "properties": {
                "Type": {
                  "type": "string",
                  "description": "Preferences type",
                  "example": "Language"
                },
                "Value": {
                  "type": "string",
                  "description": "Preferences value",
                  "example": "en-US"
                },
                "LastUpdate": {
                  "type": "string",
                  "description": "Last update for preferences",
                  "example": "2018-03-16T02:56:09.257+0000"
                }
              }
            }
          },
          "PrivacyPreferences": {
            "type": "object",
            "description":  "Guest Privacy preferences",
            "items": {
              "$ref": "#/definitions/privacyPreferences"
            }
          },
          "Subscriptions": {
            "type": "object",
            "description":  "Subscriptions",
            "items": {
              "$ref": "#/definitions/Subscriptions"
            }
          }
        }
      }
    },
    "Subscriptions": {
      "type": "array",
      "items": {
        "type": "object",
        "description": "Guest subscriptions",
        "properties": {
          "Channel": {
            "type": "string",
            "description": "Subscriptions Channel",
            "example": "SMS"
          },
          "Type": {
            "type": "string",
            "description": "Subscriptions Type",
            "example": "News and Offers"
          },
          "OptOut": {
            "type": "string",
            "description": "Subscriptions Preferences",
            "example": "False"
          },
          "LastUpdate": {
            "type": "string",
            "description": "Last update of subscriptions",
            "example": "2018-05-10T12:02:05.000+0000"
          }
        }
      }
    },
    "privacyPreferences": {
      "type": "object",
      "description": "Guest Privacy preferences",
      "properties": {
        "EmailOptOut": {
          "type": "string",
          "description": "Guest email subscription preferences",
          "example": "true"
        },
        "EmailOptOutLastUpdate": {
          "type": "string",
          "description": "Last update for guest email preferences",
          "example": "2018-04-05T13:59:34.000+0000    "
        },
        "EmailOptSource": {
          "type": "string",
          "description": "Source from which email was opted in",
          "example": "freshBuzz"
        },
        "SMSOptOut": {
          "type": "string",
          "description": "Guest SMS subscription preferences",
          "example": "true"
        },
        "SMSOptOutLastUpdate": {
          "type": "string",
          "description": "Last update for guest SMS preferences",
          "example": "2017-09-06T16:42:33.000+0000"
        },
        "SMSOptSource": {
          "type": "string",
          "description": "Source from which SMS was opted in",
          "example": "freshBuzz"
        }
      }
    }
  }
}
