{
  "swagger": "2.0",
  "info": {
    "description": "Looks up a guest profile given Guest ID, Email, or Phone Number and Country Code.",
    "version": "1.0.1",
    "title": "guest-lookup-sl"
  },
  "host": "1pzq08wtpk.execute-api.us-east-2.amazonaws.com",
  "basePath": "/LATEST",
  "tags": [
    {
      "name": "guest-lookup"
    }
  ],
  "schemes": [
    "https"
  ],
  "paths": {
    "/guest-lookup": {
      "post": {
        "tags": [
          "guest-lookup"
        ],
        "summary": "Looks up a guest profile",
        "description": "Returns the guest information based on id, email or phone number( this may return more than one guest)",
        "operationId": "guestlookup",
        "consumes": [
          "application/json"
        ],
        "produces": [
          "application/json"
        ],
        "parameters": [
          {
            "in": "body",
            "name": "body",
            "description": "change value of the desired key",
            "required": true,
            "schema": {
              "$ref": "#/definitions/guestlookup"
            }
          }
        ],
        "responses": {
          "200": {
            "Status": {
              "Code": "0",
              "Message": "Success"
            },
            "GuestProfile": {
              "GuestID": "1234567",
              "FirstName": "fname",
              "LastName": "lname",
              "DoB": "0000-00-00",
              "Gender": "",
              "LoyaltyActiveFlag": "true",
              "Email": "email@domain.com",
              "AddressLine1": "123 main",
              "AddressLine2": "",
              "City": "city",
              "Country": "US",
              "StateProvince": "state",
              "Zip": "00000",
              "Phone": [
                {
                  "Type": "Home",
                  "Number": "1234567897",
                  "CountryCode": "1"
                }
              ],
              "Preferences": [
                {
                  "Type": "Language",
                  "Value": "French",
                  "LastUpdate": "0000-00-00 00:00:00"
                },
                {
                  "Type": "Favorite Sub",
                  "Value": "",
                  "LastUpdate": "0000-00-00 00:00:00"
                }
              ],
              "OptOut": "true",
              "OptOutStartDate": "0000-00-00 00:00:00",
              "OptSource": null,
              "EmailOptOut": "true",
              "EmailOptOutLastUpdate": "0000-00-00 00:00:00",
              "EmailOptSource": null,
              "SMSOptOut": null,
              "SMSOptOutLastUpdate": null,
              "SMSOptSource": null,
              "MailOptOut": "true",
              "MailOptOutLastUpdate": "0000-00-00 00:00:00",
              "MailOptSource": null,
              "Subscriptions": [
                {
                  "Channel": "SMS",
                  "Type": "Loyalty",
                  "OptOut": "false",
                  "LastUpdate": "0000-00-00 00:00:00"
                },
                {
                  "Channel": "Email",
                  "Type": "News and Offers",
                  "OptOut": "false",
                  "LastUpdate": "0000-00-00 00:00:00"
                },
                {
                  "Channel": "Email",
                  "Type": "Loyalty",
                  "OptOut": "false",
                  "LastUpdate": "0000-00-00 00:00:00"
                }
              ]
            }
          },
          "401": {
            "description": "invalid token"
          },
          "403": {
            "description": "denied access"
          }
        },
        "security": [
          {
            "jwtAuthorizer": []
          }
        ]
      }
    }
  },
  "securityDefinitions": {
    "jwtAuthorizer": {
      "description": "dont forget the Bearer keyword BEFORE token!!!",
      "type": "apiKey",
      "name": "Authorization",
      "in": "header",
      "x-amazon-apigateway-authtype": "custom"
    }
  },
  "definitions": {
    "guestlookup": {
      "type": "object",
      "properties": {
        "email": {
          "type": "string",
          "example": "subway4life@sub.com"
        },
        "guestid": {
          "type": "string",
          "example": "loso"
        }
      }
    }
  }
}