{
  "swagger": "2.0",
  "info": {
    "description": "register guest in ups form",
    "version": "1.0.0",
    "title": "guest registration ups sl",
    "contact": {
      "email": "insertemail@subway.com"
    },
    "license": {
      "name": "Apache 2.0",
      "url": "http://www.apache.org/licenses/LICENSE-2.0.html"
    }
  },
  "host": "1pzq08wtpk.execute-api.us-east-2.amazonaws.com",
  "basePath": "/LATEST",
  "tags": [
    {
      "name": "Guest-Registration-ups",
      "description": ""
    }
  ],
  "schemes": [
    "https"
  ],
  "paths": {
    "/guest-registration-ups": {
      "post": {
        "tags": [
          "Guest-Registration-ups"
        ],
        "summary": "register guest",
        "description": "registers new user",
        "operationId": "guest-registration-ups",
        "consumes": [
          "application/json"
        ],
        "produces": [
          "application/json"
        ],
        "parameters": [
          {
            "in": "body",
            "name": "body",
            "description": "change value of the desired key",
            "required": true,
            "schema": {
              "$ref": "#/definitions/guest-registration-ups"
            }
          }
        ],
        "responses": {
          "200": {
            "description": "sucessful registration",
            "schema": {
              "$ref": "#/definitions/guest-registration-success"
            }
          },
          "401": {
            "description": "Unauthorized"
          },
          "403": {
            "description": "denied access"
          }
        },
        "security": [
          {
            "StaticToken": [

            ]
          }
        ]
      }
    }
  },
  "securityDefinitions": {
    "StaticToken": {
      "description": "dont forget the Bearer keyword BEFORE token!!!",
      "type": "apiKey",
      "name": "Authorization",
      "in": "header",
      "x-amazon-apigateway-authtype": "custom"
    }
  },
  "definitions": {
    "guest-registration-success": {
      "type": "object",
      "properties": {
        "Status": {
          "$ref": "#/definitions/guest-success"
        },
        "GuestID": {
          "type": "string",
          "example": "abc1234"
        },
        "LoyaltyID": {
          "type": "string",
          "example": "0123456789012345"
        }
      }
    },
    "guest-success": {
      "type": "object",
      "properties": {
        "Code": {
          "type": "string",
          "example": "0"
        },
        "Message": {
          "type": "string",
          "example": "Success"
        }
      },
      "xml": {
        "name": "success"
      }
    },
    "guest-registration-ups": {
      "type": "object",
      "properties": {
        "FirstName": {
          "type": "string",
          "example": "john"
        },
        "LastName": {
          "type": "string",
          "example": "Smith"
        },
        "Email": {
          "type": "string",
          "example": "registermetest1@domain.com"
        },
        "Country": {
          "type": "string",
          "example": "US"
        },
        "Identifiers": {
          "type": "array",
          "xml": {
            "name": "id",
            "wrapped": true
          },
          "items": {
            "$ref": "#/definitions/Identifiers"
          }
        },
        "Phone": {
          "type": "array",
          "xml": {
            "name": "phone",
            "wrapped": true
          },
          "items": {
            "$ref": "#/definitions/Phone"
          }
        }
      }
    },
    "Identifiers": {
      "type": "object",
      "properties": {
        "Type": {
          "type": "string",
          "example": "Azure"
        },
        "ID": {
          "type": "string",
          "example": "123-456-789-ABC-DEF"
        },
        "RegistrationDate": {
          "type": "string",
          "example": "05-30-2018 12:00"
        }
      },
      "xml": {
        "name": "id"
      }
    },
    "Phone": {
      "type": "object",
      "properties": {
        "Type": {
          "type": "string",
          "example": "Home"
        },
        "Number": {
          "type": "string",
          "example": "0001234567"
        },
        "CountryCode": {
          "type": "string",
          "example": "+1"
        }
      },
      "xml": {
        "name": "phone"
      }
    }
  }
}