{
  "swagger": "2.0",
  "info": {
    "description": "Updates guest account",
    "version": "1.0.0",
    "title": "guest-registration-sl",
    "contact": {
      "email": "insertemail@subway.com"
    },
    "license": {
      "name": "Apache 2.0",
      "url": "http://www.apache.org/licenses/LICENSE-2.0.html"
    }
  },
  "host": "1pzq08wtpk.execute-api.us-east-2.amazonaws.com",
  "basePath": "/LATEST",
  "tags": [
    {
      "name": "Guest-Registration",
      "description": ""
    }
  ],
  "schemes": [
    "https"
  ],
  "paths": {
    "/guest-registration": {
      "post": {
        "tags": [
          "Guest-Registration"
        ],
        "summary": "Updates guest account",
        "description": "Updates user",
        "operationId": "guest-registration",
        "consumes": [
          "application/json"
        ],
        "produces": [
          "application/json"
        ],
        "parameters": [
          {
            "in": "body",
            "name": "body",
            "description": "change value of the desired key",
            "required": true,
            "schema": {
              "$ref": "#/definitions/guest-registration"
            }
          }
        ],
        "responses": {
          "200": {
            "description": "sucessful registration",
            "schema": {
              "$ref": "#/definitions/guest-update-success"
            }
          },
          "401": {
            "description": "Unauthorized"
          },
          "403": {
            "description": "denied access"
          }
        },
        "security": [
          {
            "jwtAuthorizer": [

            ]
          }
        ]
      }
    }
  },
  "securityDefinitions": {
    "jwtAuthorizer": {
      "description": "dont forget the Bearer keyword BEFORE token!!!",
      "type": "apiKey",
      "name": "Authorization",
      "in": "header",
      "x-amazon-apigateway-authtype": "custom"
    }
  },
  "definitions": {
    "guest-update-success": {
      "type": "object",
      "properties": {
        "Status": {
          "$ref": "#/definitions/guest-success-ok"
        },
        "GuestID": {
          "type": "string",
          "example": "123aBc"
        }
      }
    },
    "guest-success-ok": {
      "type": "object",
      "properties": {
        "Code": {
          "type": "string",
          "example": "0"
        },
        "Message": {
          "type": "string",
          "example": "Success"
        }
      },
      "xml": {
        "name": "success"
      }
    },
    "guest-registration": {
      "type": "object",
      "properties": {
        "GuestID": {
          "type": "string",
          "example": "123aBcd"
        },
        "FirstName": {
          "type": "string",
          "example": "john"
        },
        "LastName": {
          "type": "string",
          "example": "Smith"
        },
        "Email": {
          "type": "string",
          "example": "registermetest1@domain.com"
        },
        "Country": {
          "type": "string",
          "example": "US"
        }
      }
    }
  }
}