{
  "swagger": "2.0",
  "info": {
    "description": "This is guestlookup only",
    "version": "1.0.0",
    "title": "Subway API",
    "contact": {
      "email": "insertemail@subway.com"
    },
    "license": {
      "name": "Apache 2.0",
      "url": "http://www.apache.org/licenses/LICENSE-2.0.html"
    }
  },
  "host": "1pzq08wtpk.execute-api.us-east-2.amazonaws.com",
  "basePath": "/LATEST",
  "tags": [
    {
      "name": "Guest-lookup",
      "description": ""
    }
  ],
  "schemes": [
    "https"
  ],
  "paths": {
    "/guest-lookup": {
      "post": {
        "tags": [
          "Guest-lookup"
        ],
        "summary": "get guest information",
        "description": "Returns the guest information based on id, email or phone number( this may return more than one guest)",
        "operationId": "guestlook",
        "consumes": [
          "application/json"
        ],
        "produces": [
          "application/json"
        ],
        "parameters": [
          {
            "in": "body",
            "name": "body",
            "description": "change value of the desired key",
            "required": true,
            "schema": {
              "$ref": "#/definitions/guestlookup"
            }
          }
        ],
        "responses": {
		 "200": {
            "description": "{\"Status\":{\"Code\":\"0\",\"Message\":\"Success\"},\"GuestProfile\":{\"GuestID\":\"someid\",\"FirstName\":\"somename\",\"LastName\":\"somelastname\",\"DoB\":\"999-99-99\",\"Gender\":\"G\",\"LoyaltyActiveFlag\":\"trueorfalse\",\"Email\":\"someemail\",\"AddressLine1\":\" \",\"AddressLine2\":\" \",\"City\":\" \",\"Country\":\" \",\"StateProvince\":\" \",\"Zip\":\" \",\"Phone\":[{\"Type\":\"Temporary\",\"Number\":\" 9digits\",\"CountryCode\":\" \"},{\"Type\":\"Home\",\"Number\":\" \",\"CountryCode\":\" \"}],\"Preferences\":[{\"Type\":\"Language\",\"Value\":\"French\",\"LastUpdate\":\" date\"},{\"Type\":\"Favorite Sub\",\"Value\":\" \",\"LastUpdate\":\" date \"}],\"OptOut\":\"trueorfalse\",\"OptOutStartDate\":\" \",\"OptSource\":null,\"EmailOptOut\":\"true\",\"EmailOpOutLastUpdate\":\" \",\"EmailOptSource\":null,\"SMSOptOut\":null,\"SMSOptOutLastUpdate\":null,\"SMSOptSource\":null,\"MailOptOut\":\"true\",\"MailOptOutLastUpdate\":\" \",\"MailOptSource\":null,\"Subscriptions\":[{\"Channel\":\"SMS\",\"Type\":\"Loyalty\",\"OptOut\":\"false\",\"LastUpdate\":\" \"},{\"Channel\":\"Email\",\"Type\":\"News and Offers\",\"OptOut\":\"false\",\"LastUpdate\":\" \"},{\"Channel\":\"Email\",\"Type\":\"Loyalty\",\"OptOut\":\"false\",\"LastUpdate\":\"\"}]}}"
          },
          "401": {
            "description": "Unauthorized"
          },
          "403": {
            "description": "denied access"
          }
        },
        "security": [
          {
            "jwtAuthorizer": [

            ]
          }
        ]
      }
    }
  },
  "securityDefinitions": {
    "jwtAuthorizer": {
      "type": "apiKey",
      "name": "Authorization",
      "in": "header",
      "x-amazon-apigateway-authtype": "custom"
    }
  },
  "definitions": {
    "guestlookup": {
      "type": "object",
      "properties": {
        "Find by Email": {
          "type": "string",
          "example": "{\"Email\":\"subway4life@sub.com\"}"
        },
        "Find by GuestID": {
          "type": "string",
          "example": "{\"GuestID\":\"userid\"}"
        },
        "Find by Phone Number": {
          "type": "string",
          "example": "{\"PhoneNumber\":\"2034567890\",\"PhoneCountryCode\":\"1\"}"
        }
      }
    }
  }
}