{
    "swagger": "2.0",
    "info": {
        "description": "Guest Registration Fresh Buzz API",
        "version": "1.0.0",
        "title": "guest-regstration-fresh-buzz",
        "contact": {
            "name": "API Support",
            "email": "r.b.singhal@accenture.com"
        },
        "license": {
            "name": "Apache 2.0",
            "url": "http://www.apache.org/licenses/LICENSE-2.0.html"
        }
    },
    "host": "c6nrvco0y5.execute-api.us-east-2.amazonaws.com",
    "basePath": "/dev",
    "schemes": [
        "https"
    ],
    "paths": {
        "/guest-registration-fresh-buzz": {
            "post": {
                "summary": "Guest Registration Fresh Buzz API",
                "consumes": [
                    "application/json"
                ],
                "produces": [
                    "application/json"
                ],
                "parameters": [
                    {
                        "in": "body",
                        "name": "body",
                        "description": "Request for Guest Registration Fresh Buzz",
                        "required": true,
                        "schema": {
                            "$ref": "#/definitions/guestRegistrationFreshBuzzRequest"
                        }
                    }
                ],
                "responses": {
                    "200": {
                        "description": "200 response",
                        "schema": {
                            "$ref": "#/definitions/guestRegistrationFreshBuzzResponse"
                        }
                    }
                }
            }
        }
    },
    "definitions": {
        "guestRegistrationFreshBuzzRequest": {
            "type": "array",
            "items": {
                "type": "object",
                "properties": {
                    "SMSOptOut": {
                        "type": "string",
                        "description": "SMS opt out preference",
                        "example": "true"
                    },
                    "GuestProfile": {
                        "type": "object",
                        "description": "Guest profile object",
                        "items" : {
                            "$ref": "#/definitions/guestProfile"
                        }
                    }
                }
            }
        },
        "guestRegistrationFreshBuzzResponse": {
            "type": "object",
            "required": [
                "Status"
            ],
            "properties": {
                "Status": {
                    "type": "object",
                    "description": "Status object consisting response code and message",
                    "properties": {
                        "Code": {
                            "type": "string",
                            "description": "Response code",
                            "example": "0"
                        },
                        "Message": {
                            "type": "string",
                            "description": "Response message",
                            "example": "Success"
                        }
                    }
                }
            }
        },
        "guestProfile": {
            "type": "object",
            "required": [
                "Email"
            ],
            "properties": {
                "FirstName": {
                    "type": "string",
                    "description": "First name of guest",
                    "example": "Jon"
                },
                "LastName": {
                    "type": "string",
                    "description": "Last name of guest",
                    "example": "Doe"
                },
                "Email": {
                    "type": "string",
                    "description": "Email address of guest",
                    "example": "jon.doe@gmail.com"
                },
                "Address": {
                    "type": "object",
                    "description": "Address of guest",
                    "properties": {
                        "Zip": {
                            "type": "string",
                            "description": "Zip code of guest",
                            "example": "12345"
                        }
                    }
                },
                "Phone": {
                    "type": "array",
                    "description": "Phone number list of guest",
                    "items": {
                        "type": "object",
                        "properties": {
                            "Type": {
                                "type": "string",
                                "description": "Phone number type",
                                "example": "mobile"
                            },
                            "Number": {
                                "type": "string",
                                "description": "Phone number of guest",
                                "example": "123456789"
                            }
                        }
                    }
                },
                "PrivacyPreferences": {
                    "type": "object",
                    "description": "Privacy preferences of guest",
                    "items" : {
                        "$ref": "#/definitions/privacyPreferences"
                    }
                }
            }
        },
        "privacyPreferences": {
            "type": "object",
            "description": "Privacy preferences of guest",
            "properties": {
                "EmailOptOut": {
                    "type": "string",
                    "description": "Email opt out preference of guest",
                    "example": "true"
                },
                "EmailOptSource": {
                    "type": "string",
                    "description": "Source system sending details",
                    "example": "freshBuzz"
                },
                "EmailOptOutLastUpdate": {
                    "type": "string",
                    "description": "Date and time stamp of update",
                    "example": "2017-09-06T20:42:33"
                },
                "SMSOptOut": {
                    "type": "string",
                    "description": "SMS opt out preference of guest",
                    "example": "true"
                },
                "SMSOptSource": {
                    "type": "string",
                    "description": "Source system sending details",
                    "example": "freshBuzz"
                },
                "SMSOptOutLastUpdate": {
                    "type": "string",
                    "description": "Date and time stamp of update",
                    "example": "2017-09-06T20:42:33"
                }
            }
        }
    }
}