{
    "swagger": "2.0",
    "info": {
        "description": "Insert Missing Points API",
        "version": "1.0.0",
        "title": "insert-missing-points",
        "contact": {
            "name": "API Support",
            "email": "nikhil.z.kumar@accenture.com"
        },
        "license": {
            "name": "Apache 2.0",
            "url": "http://www.apache.org/licenses/LICENSE-2.0.html"
        }
    },
    "host": "c6nrvco0y5.execute-api.us-east-2.amazonaws.com",
    "basePath": "/dev",
    "schemes": [
        "https"
    ],
    "paths": {
        "/insert-missing-points": {
            "post": {
                "summary": "Insert Missing Points API",
                "consumes": [
                    "application/json"
                ],
                "produces": [
                    "application/json"
                ],
                "parameters": [
                    {
                        "in": "body",
                        "name": "body",
                        "description": "Request for insert missing points",
                        "required": true,
                        "schema": {
                            "$ref": "#/definitions/insertMissingPointsRequest"
                        }
                    }
                ],
                "responses": {
                    "200": {
                        "description": "200 response",
                        "schema": {
                            "$ref": "#/definitions/insertMissingPointsResponse"
                        }
                    }
                }
            }
        }
    },
    "definitions": {
        "insertMissingPointsRequest": {
            "type": "array",
            "items": {
                "type": "object",
                "required": [
                    "GuestProfileID"
                ],
                "properties": {
                    "GuestProfileID": {
                        "type": "string",
                        "description": "Guest Profile ID",
                        "example": "Q2wdr5"
                    },
                    "Amount": {
                        "type": "string",
                        "description": "Amount",
                        "example": "20.00"
                    },
                    "SubwayNum": {
                        "type": "string",
                        "description": "Subway Number",
                        "example": "12345-1"
                    },
                    "TerminalNumber": {
                        "type": "string",
                        "description": "Terminal Number",
                        "example": "1/A"
                    },
                    "TransactionNum": {
                        "type": "string",
                        "description": "Transaction Number",
                        "example": "121212"
                    },
                    "TransactionDate": {
                        "type": "string",
                        "description": "Transaction Date",
                        "example": "2017-10-19"
                    },
                    "FormSubmissionDate": {
                        "type": "string",
                        "description": "Form Submission Date",
                        "example": "2017-10-19"
                    }
                }
            }
        },
        "insertMissingPointsResponse": {
            "response": {
                "type": "object",
                "required": [
                    "Status"
                ],
                "properties": {
                    "Status": {
                        "type": "object",
                        "description": "Status object consisting response code and message",
                        "properties": {
                            "Code": {
                                "type": "string",
                                "description": "Response code",
                                "example": "0"
                            },
                            "Message": {
                                "type": "string",
                                "description": "Response message",
                                "example": "Success"
                            }
                        }
                    }
                }
            }
        }
    }
}