{
    "swagger": "2.0",
    "info": {
        "description": "Kobie Guest Email RN CN MR API is used to send Reward Notification",
        "version": "1.0.0",
        "title": "kobie-guest-email-rn-cn-mr",
        "contact": {
            "name": "API Support",
            "email": "ankit.bv.kumar@accenture.com"
        },
        "license": {
            "name": "Apache 2.0",
            "url": "http://www.apache.org/licenses/LICENSE-2.0.html"
        }
    },
    "host": "c6nrvco0y5.execute-api.us-east-2.amazonaws.com",
    "basePath": "/dev",
    "schemes": [
        "https"
    ],
    "paths": {
        "/kobie-guest-email-rn-cn-mr": {
              "post" : {
                "summary": "Sends reward notification to guest",
                "consumes": ["application/xml"],
                "produces": ["application/json"],
                "parameters": [{
                        "in": "body",
                        "name": "body",
                        "description": "XML request for kobie-guest-email-rn-cn-mr",
                        "required": true,
                        "schema": {
                            "$ref": "#/definitions/kobieGuestEmailRNCNMRRequest"
                        }
                    }
                ],
                "responses": {
                    "200": {
                        "description": "200 response",
                        "schema": {
                            "$ref": "#/definitions/kobieGuestEmailRNCNMRResponse"
                        }
                    }
                    }
              }
        }
    },
    "definitions": {
        "kobieGuestEmailRNCNMRRequest": {
            "type": "string",
            "description": "XML request",
            "example": "<rtEventtype>loyaltyDiscountRewardNotification_EM_EN</rtEventtype><wishedChannel>0</wishedChannel><externalId>bEkoyFp</externalId><rewardExpirationDate> Dec 20,2017</rewardExpirationDate><serialNumber>201217</serialNumber>"
        },
        "kobieGuestEmailRNCNMRResponse": {
            "type": "object",
            "required": [
                "Status"
            ],
            "properties": {
                "Status": {
                    "type": "object",
                    "required": [
                        "StatusCode"
                    ],
                    "properties": {
                        "StatusCode": {
                            "type": "string",
                            "description": "Status code to be sent to caller",
                            "example": "200"
                        },
                        "Message": {
                            "type": "string",
                            "description": "Status message to be sent to caller",
                            "example": "OK"
                        },
                        "ErrorEntity": {
                            "type": "string",
                            "description": "Error message to be sent to caller",
                            "example": "NA"
                        }
                    }
                }
            }
        }
    }
}