{
  "swagger" : "2.0",
  "info" : {
    "description" : "This API is for Kobie Guest Email MT Service",
    "version" : "1.0.0",
    "title" : "Kobie Guest Email MT API",
    "contact" : {
      "name" : "API Support",
      "email" : "ruchi.sharm@accenture.com"
    },
    "license" : {
      "name" : "Apache 2.0",
      "url" : "http://www.apache.org/licenses/LICENSE-2.0.html"
    }
  },
  "host" : "c6nrvco0y5.execute-api.us-east-2.amazonaws.com",
  "basePath" : "/dev",
  "schemes" : [ "https" ],
  "paths" : {
   
    "/kobieemailmt" : {
      "post" : {
        "summary" : "Sends notification to Adobe for email.",
        "consumes" : [ "application/xml" ],
        "produces" : [ "application/json" ],
        "parameters" : [ {
          "in" : "body",
          "name" : "Kobie Guest Email MT request",
          "description" : "The Kobie Guest Email MT request",
          "required" : true,
          "schema" : {
            "type": "string",
            "required" :["rtEventtype","externalId","wishedChannel","loyaltyAccountNumber", "responseMessage","responseCode","responseSuccess","responseDetails"],
            "properties" : {
              "rtEventtype" : {
                "type" : "string",
                "example" : "loyaltyMissingTokensRequest_EM_EN",
                "description" : "rtEventtype"
              },
              "wishedChannel" : {
                "type" : "string",
                "example" : "0",
                "description" : "WishedChannel"
              },
              "externalId" : {
                "type" : "string",
                "example" : "922diqp",
                "description" : "ExternalId is guestId"
              },
              "responseCode" : {
                "type" : "string",
                "example" : "Approved",
                "description" : "ResponseCode"
              },
              "responseSuccess" : {
                "type" : "string",
                "example" : "100%",
                "description" : "ResponseSuccess"
              },
              "responseMessage" : {
                "type" : "string",
                "example" : "Congratulations, your missing tokens request has been approved.",
                "description" : "ResponseMessage"
              },
              "responseDetails" : {
                "type" : "string",
                "example" : "No Response",
                "description" : "ResponseDetails"
              },
              "loyaltyAccountNumber" : {
                "type" : "string",
                "example" : "123456789",
                "description" : "LoyaltyAccountNumber"
              }
            }    
          }
        } ],
        "responses" : {
          "200" : {
            "description" : "200 response",
            "schema" : {
              "$ref" : "#/definitions/kobieguestemailmtResponse"
            }
          }
        }
      }
    }
  },  
  "definitions" : {    
    "Status" : {
      "type" : "object",
      "required" : [ "statusCode", "Message","ErrorEntity"],
      "properties" : {
        "statusCode" : {
          "type" : "string",
          "example" : "200",
          "description" : "Response status code"
        },
        "Message" : {
          "type" : "string",
          "example" : "OK",
          "description" : "Reason"
        },
        "ErrorEntity" : {
          "type" : "string",
          "example" : "OK",
          "description" : "NA"
        }
      }           
      }    ,
      "kobieguestemailmtResponse" : {
      "required" : ["status"],
      "type" : "object",
      "properties" : {        
        "status" : {
          "type" : "object",
          "example" : "Status",
          "description" : "Reponse Status",
          "items": {
          "$ref" : "#/definitions/Status"
        }     
        }
      }
    }
    }  
  }
