{  
	"swagger":"2.0",
	"info":{  
	   "description":"These APIs are for retrieving Loyalty Account History from Kobie",
	   "version":"1.0.0",
	   "title":"Kobie To Mobile Account History APIs",
	   "contact":{  
		  "name":"API Support",
		  "email":"ankit.bv.kumar@accenture.com"
	   },
	   "license":{  
		  "name":"Apache 2.0",
		  "url":"http://www.apache.org/licenses/LICENSE-2.0.html"
	   }
	},
	"host":"c6nrvco0y5.execute-api.us-east-2.amazonaws.com",
	"basePath":"/dev",
	"schemes":[  
	   "https"
	],
	"paths":{  
	   "/Kobie_to_Mobile_AccntHistory_Task":{  
		  "post":{  
			 "summary":"Process to retrieve Loyalty Account History from Kobie by providing guestId",
			 "consumes":[  
				"application/json"
			 ],
			 "produces":[  
				"application/json"
			 ],
			 "parameters":[  
				{  
				   "in":"body",
				   "name":"body",
				   "description":"Object for Kobie To Mobile Accnt History",
				   "required":true,
				   "schema":{  
					  "$ref":"#/definitions/KobieToMobileAccntHistory"
				   }
				}
			 ],
			 "responses":{  
				"200":{  
				   "description":"200 response",
				   "schema":{  
					  "$ref":"#/definitions/KobieToMobileAccntHistoryResponse"
				   }
				}
			 }
		  }
	   }
	},
	"definitions":{  
	   "KobieToMobileAccntHistory":{  
		  "type":"object",
		  "required":[  
			 "guestId"
		  ],
		  "properties":{  
			 "guestId":{  
				"type":"string",
				"example":"JEeYfMD",
				"description":"Guest Id"
			 },
			 "startDate":{  
				"type":"string",
				"example":"2016-07-01",
				"description":"Start Date"
			 },
			 "endDate":{  
				"type":"string",
				"example":"2017-12-01",
				"description":"End Date"
			 }
		  }
	   },
	   "KobieToMobileAccntHistoryResponse":{  
		  "type":"object",
		  "required":[  
			 "headers",
			 "statusLine",
			 "entity"
		  ],
		  "properties":{  
			 "headers":{  
				"type":"object",
				"required":[  
				   "content-length",
				   "x-powered-by",
				   "connection",
				   "content-type",
				   "server",
				   "date"
				],
				"properties":{  
				   "content-length":{  
					  "type":"string",
					  "example":"6964",
					  "description":"Content length"
				   },
				   "x-powered-by":{  
					  "type":"string",
					  "example":"Undertow/1",
					  "description":""
				   },
				   "connection":{  
					  "type":"string",
					  "example":"close",
					  "description":"Connection status"
				   },
				   "content-type":{  
					  "type":"string",
					  "example":"text/xml;charset=UTF-8",
					  "description":"Connection Type"
				   },
				   "server":{  
					  "type":"string",
					  "example":"WildFly/9",
					  "description":""
				   },
				   "date":{  
					  "type":"string",
					  "example":"Mon, 09 Apr 2018 07:32:04 GMT",
					  "description":"Date of request"
				   }
				}
			 },
			 "statusLine":{  
				"type":"object",
				"required":[  
				   "statusCode"
				],
				"properties":{  
				   "protoVersion":{  
					  "type":"string",
					  "example":"HTTP/1.1",
					  "description":""
				   },
				   "statusCode":{  
					  "type":"string",
					  "example":"200",
					  "description":"Status code"
				   },
				   "reasonPhrase":{  
					  "type":"string",
					  "example":"OK",
					  "description":"Phrase status"
				   }
				}
			 },
			 "entity":{  
				"$ref":"#/definitions/entity"
			 }
		  }
	   },
	   "entity":{  
		  "type":"object",
		  "properties":{  
			 "soap:Envelope":{  
				"type":"object",
				"properties":{  
				   "@xmlns:soap":{  
					  "type":"string",
					  "example":"http://schemas.xmlsoap.org/soap/envelope/",
					  "description":"Soap Url"
				   },
				   "soap:Body":{  
					  "type":"object",
					  "properties":{  
						 "ns2:getLoyaltyHistoryResponse":{  
							"type":"object",
							"properties":{  
							   "@xmlns:ns2":{  
								  "type":"string",
								  "example":"http://service.alchemy.kobie.com/",
								  "description":"Kobie Host Url"
							   },
							   "loyaltyHistoryResponseMessage":{  
								  "type":"object",
								  "required":[  
									 "responseDetails",
									 "getLoyaltyHistory"
								  ],
								  "properties":{  
									 "responseDetails":{  
										"type":"object",
										"required":[  
										   "responseCode",
										   "responseMessage",
										   "responseSuccess"
										],
										"properties":{  
										   "responseCode":{  
											  "type":"string",
											  "example":"core0",
											  "description":"Response code"
										   },
										   "responseMessage":{  
											  "type":"string",
											  "example":"success",
											  "description":"Status message"
										   },
										   "responseSuccess":{  
											  "type":"string",
											  "example":"True",
											  "description":"Boolean value"
										   }
										}
									 },
									 "getLoyaltyHistory":{  
										"type":"object",
										"required":[  
										   "loyaltyHistoryList"
										],
										"properties":{  
										   "loyaltyHistoryList":{  
											  "type":"object",
											  "required":[  
												 "loyaltyHistoryDTO"
											  ],
											  "properties":{  
												 "loyaltyHistoryDTO":{  
													"type":"array",
													"items":{  
													   "$ref":"#/definitions/loyaltyHistoryDTOList"
													}
												 }
											  }
										   }
										}
									 }
								  }
							   }
							}
						 }
					  }
				   }
				}
			 }
		  }
	   },
	   "loyaltyHistoryDTOList":{  
		  "type":"object",
		  "properties":{  
			 "historyId":{  
				"type":"string",
				"example":"1",
				"description":"History id"
			 },
			 "alchemyId":{  
				"type":"string",
				"example":"5020000047443373",
				"description":"Alchemy Id"
			 },
			 "createDate":{  
				"type":"string",
				"example":"2017-09-25 14:03:30.266",
				"description":"Creation Date"
			 },
			 "amount":{  
				"type":"string",
				"example":"10.25",
				"description":"Amount value"
			 },
			 "locationId":{  
				"type":"string",
				"example":"58644-0",
				"description":"Combination of stlid and subway id"
			 },
			 "transDate":{  
				"type":"string",
				"example":"2017-09-25 00:00:00.000",
				"description":"Date of transaction"
			 },
			 "postDate":{  
				"type":"string",
				"example":"2017-09-25 00:00:00.000",
				"description":"Post Date"
			 },
			 "xref":{  
				"type":"string",
				"example":"58644-0-1-352c9665-4338-4205-b7f5-85588xxxxxxxxxxxxxxx",
				"description":""
			 },
			 "loyaltyHistoryType":{  
				"type":"string",
				"example":"TRANSACTION",
				"description":"Type of history"
			 },
			 "type":{  
				"type":"string",
				"example":"Sale",
				"description":"Type of transaction"
			 },
			 "hasAdditionalItems":{  
				"type":"string",
				"example":"True",
				"description":"Status on additional items"
			 },
			 "deltaList":{  
				"type":"object",
				"properties":{  
				   "deltaDTO":{  
					  "type":"array",
					  "items":{  
						 "$ref":"#/definitions/deltaDTOList"
					  }
				   }
				}
			 }
		  }
	   },
	   "deltaDTOList":{  
		  "type":"object",
		  "properties":{  
			 "rewardType":{  
				"type":"string",
				"example":"Points",
				"description":"Reward Type"
			 },
			 "netBalance":{  
				"type":"string",
				"example":"39.00",
				"description":"Net Balance Amount"
			 },
			 "rollingBalance":{  
				"type":"string",
				"example":"39.00",
				"description":"Rolling balance amount"
			 },
			 "bucketList":{  
				"type":"object",
				"properties":{  
				   "bucketDTO":{  
					  "type":"object",
					  "properties":{  
						 "bucketId":{  
							"type":"string",
							"example":"30",
							"description":"Bucket Id"
						 },
						 "deltaAmount":{  
							"type":"string",
							"example":"39.00",
							"description":"Delta Amount"
						 }
					  }
				   }
				}
			 },
			 "itemList":{  
				"type":"object",
				"properties":{  
 
				}
			 }
		  }
	   }
	}
 }