{
    "swagger": "2.0",
    "info": {
        "description": "Loyalty Gift Card Link Api is used to add loyalty card to user account and send notification to user",
        "version": "1.0.0",
        "title": "loyalty-gift-card-link",
        "contact": {
            "name": "API Support",
            "email": "ankit.bv.kumar@accenture.com"
        },
        "license": {
            "name": "Apache 2.0",
            "url": "http://www.apache.org/licenses/LICENSE-2.0.html"
        }
    },
    "host": "c6nrvco0y5.execute-api.us-east-2.amazonaws.com",
    "basePath": "/dev",
    "schemes": [
        "https"
    ],
    "paths": {
        "/loyalty-gift-card-link": {
            "POST": {
                "summary": "Add loyalty card and send notification to guest",
                "consumes": [
                    "application/xml"
                ],
                "produces": [
                    "application/xml"
                ],
                "parameters": [
                    {
                        "in": "body",
                        "name": "body",
                        "description": "XML request for loyalty-gift-card-link",
                        "required": true,
                        "schema": {
                            "$ref": "#/definitions/loyaltyGiftCardLinkRequest"
                        }
                    }
                ],
                "responses": {
                    "200": {
                        "description": "200 response",
                        "schema": {
                            "$ref": "#/definitions/loyaltyGiftCardLinkResponse"
                        }
                    }
                }
            }
        }
    },
    "definitions": {
        "loyaltyGiftCardLinkRequest": {
            "type": "String",
            "description": "XML request",
            "example": "<rtEventtype>LoyaltyGiftCardLink</rtEventtype><wishedChannel>0</wishedChannel><externalId>bEkoyFp</externalId><giftCardNumber>13432</giftCardNumber>"
        },
        "loyaltyGiftCardLinkResponse": {
            "type": "String",
            "description": "XML response",
            "example": "<Message><StatusCode>200</StatusCode><Message>OK</Message><ErrorEntity>NA</ErrorEntity></Message>"
        }
    }
}