{
  "swagger" : "2.0",
  "info" : {
    "description" : "This API is for the mobile version of Guest Lookup",
    "version" : "1.0.0",
    "title" : "Guest Look up APIs- Mobile",
    "contact" : {
      "name" : "API Support",
      "email" : "kakumanu_k@subway.com"
    },
    "license" : {
      "name" : "Apache 2.0",
      "url" : "http://www.apache.org/licenses/LICENSE-2.0.html"
    }
  },
  "host" : "c6nrvco0y5.execute-api.us-east-2.amazonaws.com",
  "basePath" : "/dev",
  "schemes" : [ "https" ],
  "paths" : {    
    "/loyalty-guest-lookup-mobile" : {
      "post" : {
        "summary" : "Process to retrieve Balance, Offer, Loyalty and Certificates for a given Guest from mobile.",
        "consumes" : [ "application/json" ],
        "produces" : [ "application/json" ],
        "parameters" : [ {
          "in" : "body",
          "name" : "body",
          "description" : "The guest ID",
          "required" : true,
          "schema" : {
            "$ref" : "#/definitions/loyaltyGuestMobileLookup"
          }
        } ],
        "responses" : {
          "200" : {
            "description" : "200 response",
            "schema" : {
              "$ref" : "#/definitions/loyaltyGuestMobileLookupResponse"
            }
          }
        }
      }
    }
  },
  "securityDefinitions" : {
    "JWTAuthorizer" : {
      "type" : "apiKey",
      "name" : "Authorization",
      "in" : "header",
      "x-amazon-apigateway-authtype" : "custom"
    }
  },
  "definitions" : {
    "CertificatesList" : {
      "type" : "object",
      "required" : [ "amount", "expirationDate", "serialNumber" ],
      "properties" : {
        "serialNumber" : {
          "type" : "string",
          "example" : "123213214",
          "description" : "Certificate serial number"
        },
        "amount" : {
          "type" : "number",
          "example" : 12.21,
          "description" : "Certificate value amount"
        },
        "expirationDate" : {
          "type" : "string",
          "example" : "2018-03-05",
          "description" : "Certificate expiration date"
        }
      },
      "title" : "Certificates List",
      "example" : {
        "amount" : 12.21,
        "serialNumber" : "123213214",
        "expirationDate" : "2018-03-05"
      }
    },    
    "GuestList" : {
      "type" : "object",
      "required" : [ "guestId", "memberFirstName", "memberLastName" ],
      "properties" : {
        "guestId" : {
          "type" : "string",
          "example" : "5DaH5n9",
          "description" : "MDM Id of guest"
        },
        "memberFirstName" : {
          "type" : "string",
          "example" : "John",
          "description" : "The Loyalty Member’s first name"
        },
        "memberLastName" : {
          "type" : "string",
          "example" : "Doe",
          "description" : "The Loyalty Member’s last name"
        }
      },
      "title" : "Guest List",
      "example" : {
        "memberFirstName" : "John",
        "memberLastName" : "Doe",
        "guestId" : "5DaH5n9"
      }
    },
    "loyaltyGuestMobileLookup" : {
      "type" : "object",
      "required" : [ "guestId" ],
      "properties" : {
        "guestId" : {
          "type" : "string",
          "example" : "5DaH5n9",
          "description" : "MDM Id of guest"
        }
      },
      "title" : "Guest Lookup Mobile",
      "example" : {
        "guestId" : "5DaH5n9"
      }
    },
    "loyaltyGuestMobileLookupResponse" : {
      "type" : "object",
      "required" : [ "GuestList", "dateTime", "reason", "status" ],
      "properties" : {
        "dateTime" : {
          "type" : "string",
          "example" : "2018-01-16 20:47:50.509",
          "description" : "Date time of the response"
        },
        "status" : {
          "type" : "string",
          "example" : "Success",
          "description" : "Reponse Status"
        },
        "reason" : {
          "type" : "string",
          "example" : "",
          "description" : "Response Reason"
        },
        "GuestList" : {
          "items" : {
            "$ref" : "#/definitions/GuestList"
          }
        },
        "Offers" : {
          "items" : {
            "$ref" : "#/definitions/Offers"
          }
        },
        "Loyalty" : {
          "items" : {
            "$ref" : "#/definitions/Loyalty"
          }
        },
        "Certificates" : {
          "items" : {
            "$ref" : "#/definitions/CertificatesResponseSchema"
          }
        }
      },
      "title" : "Phone Lookup Response",
      "example" : {
        "dateTime" : "2018-01-16 20:47:50.509",
        "reason" : "",
        "GuestList" : [ {
          "memberFirstName" : "John",
          "memberLastName" : "Doe",
          "guestId" : "5DaH5n9"
        }, {
          "memberFirstName" : "John",
          "memberLastName" : "Doe",
          "guestId" : "5DaH5n9"
        } ],
        "Loyalty": {
          "status": "Active",
          "statusInfo": "Active",
          "ResponseDetails": {
              "responseCode": "core0",
              "responseMessage": "success",
              "responseSuccess": "true"
          },
          "Summaries": [
              {
                  "bucketId": "30",
                  "rewardType": "Points",
                  "available": "121.00"
              },
              {
                  "bucketId": "3000",
                  "rewardType": "Certificate",
                  "available": "0.00"
              }
          ]
      },
      "Offers": {
        "Status": {
            "statusCode": "SUCCESS",
            "statusDescription": "Done",
            "errorCode": null,
            "errorDescription": null
        },
        "OffersList": [
            {
                "offerId": "931005797",
                "offerTitle": "Enjoy A Cookie On Us",
                "offerDescription": "Enjoy A Cookie On Us",
                "offerDetailedDescription": "Enjoy A Cookie On Us",
                "startDate": "2017-06-22",
                "expirationDate": "2018-06-22",
                "offerStatus": "ACTIVE",
                "offerCampaignUri": "subdig3:offermanager:offercampaign#7697850d-c447-4a5a-9bd0-f52c0973134b",
                "propositionGuid": "subwaySD:AC-2018052529-W219rmrvS3lRenCqvzxgMOpBdOZJrVmM",
                "offerType": "S&D",
                "LegalDisclaimersList": [
                    {
                        "legalDisclaimer": "Valid at participating U.S. restaurants for in-restaurant orders only, excluding kiosk orders. No cash value. Not for sale. One time use. One coupon per qualifying item(s). Cannot be combined with promotional offers. Void if transferred, sold, auctioned, reproduced, purchased or altered, and where prohibited. Coupon not valid on signature wraps."
                    }
                ],
                "image": {
                    "ios": {
                        "1x": "http://media.subway.com/digital/Account_Updates/Assets/App-Base/Web_Images/Subway/en-us/Products/32053_212x357.png",
                        "2x": "http://media.subway.com/digital/Account_Updates/Assets/App-Base/Web_Images/Subway/en-us/Products/32053_424x714.png",
                        "3x": "http://media.subway.com/digital/Account_Updates/Assets/App-Base/Web_Images/Subway/en-us/Products/32053_636x1071.png"
                    },
                    "android": {
                        "mdpi": "http://media.subway.com/digital/Account_Updates/Assets/App-Base/Web_Images/Subway/en-us/Products/32053_212x357.png",
                        "hdpi": "http://media.subway.com/digital/Account_Updates/Assets/App-Base/Web_Images/Subway/en-us/Products/32053_318x535.png",
                        "xhdpi": "http://media.subway.com/digital/Account_Updates/Assets/App-Base/Web_Images/Subway/en-us/Products/32053_424x714.png",
                        "xxhdpi": "http://media.subway.com/digital/Account_Updates/Assets/App-Base/Web_Images/Subway/en-us/Products/32053_636x1071.png",
                        "xxxhdpi": "http://media.subway.com/digital/Account_Updates/Assets/App-Base/Web_Images/Subway/en-us/Products/32053_544x1428.png"
                    }
                },
                "cta1": {
                    "title": "Redeem Now",
                    "deeplink": "subway://category/7"
                },
                "cta2": {
                    "title": null,
                    "deeplink": null
                }
            },
            {
                "offerId": "931005797",
                "offerTitle": "Enjoy A Cookie On Us",
                "offerDescription": "Enjoy A Cookie On Us",
                "offerDetailedDescription": "Enjoy A Cookie On Us",
                "startDate": "2017-06-22",
                "expirationDate": "2018-06-22",
                "offerStatus": "ACTIVE",
                "offerCampaignUri": "subdig3:offermanager:offercampaign#7697850d-c447-4a5a-9bd0-f52c0973134b",
                "propositionGuid": "subway:AC-2018052569-NSH1fj5NSD94yvyNg4fqcJuvTlquie50",
                "offerType": "Non S&D",
                "LegalDisclaimersList": [
                    {
                        "legalDisclaimer": "Valid at participating U.S. restaurants for in-restaurant orders only, excluding kiosk orders. No cash value. Not for sale. One time use. One coupon per qualifying item(s). Cannot be combined with promotional offers. Void if transferred, sold, auctioned, reproduced, purchased or altered, and where prohibited. Coupon not valid on signature wraps."
                    }
                ],
                "image": {
                    "ios": {
                        "1x": "http://media.subway.com/digital/Account_Updates/Assets/App-Base/Web_Images/Subway/en-us/Products/32053_212x357.png",
                        "2x": "http://media.subway.com/digital/Account_Updates/Assets/App-Base/Web_Images/Subway/en-us/Products/32053_424x714.png",
                        "3x": "http://media.subway.com/digital/Account_Updates/Assets/App-Base/Web_Images/Subway/en-us/Products/32053_636x1071.png"
                    },
                    "android": {
                        "mdpi": "http://media.subway.com/digital/Account_Updates/Assets/App-Base/Web_Images/Subway/en-us/Products/32053_212x357.png",
                        "hdpi": "http://media.subway.com/digital/Account_Updates/Assets/App-Base/Web_Images/Subway/en-us/Products/32053_318x535.png",
                        "xhdpi": "http://media.subway.com/digital/Account_Updates/Assets/App-Base/Web_Images/Subway/en-us/Products/32053_424x714.png",
                        "xxhdpi": "http://media.subway.com/digital/Account_Updates/Assets/App-Base/Web_Images/Subway/en-us/Products/32053_636x1071.png",
                        "xxxhdpi": "http://media.subway.com/digital/Account_Updates/Assets/App-Base/Web_Images/Subway/en-us/Products/32053_544x1428.png"
                    }
                },
                "cta1": {
                    "title": "Redeem Now",
                    "deeplink": "subway://category/7"
                },
                "cta2": {
                    "title": null,
                    "deeplink": null
                }
            },
            {
                "offerId": "931005797",
                "offerTitle": "Enjoy A Cookie On Us",
                "offerDescription": "Enjoy A Cookie On Us",
                "offerDetailedDescription": "Enjoy A Cookie On Us",
                "startDate": "2017-06-22",
                "expirationDate": "2018-06-22",
                "offerStatus": "ACTIVE",
                "offerCampaignUri": "subdig3:offermanager:offercampaign#7697850d-c447-4a5a-9bd0-f52c0973134b",
                "propositionGuid": "subwaySD:AC-2018052549-1xkpnYtLFJWP1M4xs9cHMk3BYUPdlc53",
                "offerType": "S&D",
                "LegalDisclaimersList": [
                    {
                        "legalDisclaimer": "Valid at participating U.S. restaurants for in-restaurant orders only, excluding kiosk orders. No cash value. Not for sale. One time use. One coupon per qualifying item(s). Cannot be combined with promotional offers. Void if transferred, sold, auctioned, reproduced, purchased or altered, and where prohibited. Coupon not valid on signature wraps."
                    }
                ],
                "image": {
                    "ios": {
                        "1x": "http://media.subway.com/digital/Account_Updates/Assets/App-Base/Web_Images/Subway/en-us/Products/32053_212x357.png",
                        "2x": "http://media.subway.com/digital/Account_Updates/Assets/App-Base/Web_Images/Subway/en-us/Products/32053_424x714.png",
                        "3x": "http://media.subway.com/digital/Account_Updates/Assets/App-Base/Web_Images/Subway/en-us/Products/32053_636x1071.png"
                    },
                    "android": {
                        "mdpi": "http://media.subway.com/digital/Account_Updates/Assets/App-Base/Web_Images/Subway/en-us/Products/32053_212x357.png",
                        "hdpi": "http://media.subway.com/digital/Account_Updates/Assets/App-Base/Web_Images/Subway/en-us/Products/32053_318x535.png",
                        "xhdpi": "http://media.subway.com/digital/Account_Updates/Assets/App-Base/Web_Images/Subway/en-us/Products/32053_424x714.png",
                        "xxhdpi": "http://media.subway.com/digital/Account_Updates/Assets/App-Base/Web_Images/Subway/en-us/Products/32053_636x1071.png",
                        "xxxhdpi": "http://media.subway.com/digital/Account_Updates/Assets/App-Base/Web_Images/Subway/en-us/Products/32053_544x1428.png"
                    }
                },
                "cta1": {
                    "title": "Redeem Now",
                    "deeplink": "subway://category/7"
                },
                "cta2": {
                    "title": null,
                    "deeplink": null
                }
            },
            {
                "offerId": "931006403",
                "offerTitle": "Buy 2 Footlongs, Get 1 Free",
                "offerDescription": "Buy 2 Footlongs, Get 1 Free",
                "offerDetailedDescription": "Buy 2 Footlongs, Get 1 Free",
                "startDate": "2017-06-22",
                "expirationDate": "2018-06-22",
                "offerStatus": "ACTIVE",
                "offerCampaignUri": "subdig3:offermanager:offercampaign#c3a17371-65ef-4191-8fa7-dba5345ed1ab",
                "propositionGuid": "subway:LEGACYSW-H4I5-JwJh-y7Jc-gNfiz2NdcvXu",
                "offerType": "Non S&D",
                "LegalDisclaimersList": [
                    {
                        "legalDisclaimer": "Offer valid on footlong and salads. Free sub or salad excludes Extras. Valid at participating U.S. restaurants, excluding kiosk orders. Plus applicable tax. No cash value. Not for sale. One time use. One coupon per qualifying item(s). Cannot be combined with promotional offers. Void if transferred, sold, auctioned, reproduced, purchased or altered, and where prohibited."
                    }
                ],
                "image": {
                    "ios": {
                        "1x": "http://media.subway.com/digital/Account_Updates/Assets/App-Base/Web_Images/Subway/en-us/Products/30118_212x357.png",
                        "2x": "http://media.subway.com/digital/Account_Updates/Assets/App-Base/Web_Images/Subway/en-us/Products/30118_424x714.png",
                        "3x": "http://media.subway.com/digital/Account_Updates/Assets/App-Base/Web_Images/Subway/en-us/Products/30118_636x1071.png"
                    },
                    "android": {
                        "mdpi": "http://media.subway.com/digital/Account_Updates/Assets/App-Base/Web_Images/Subway/en-us/Products/30118_212x357.png",
                        "hdpi": "http://media.subway.com/digital/Account_Updates/Assets/App-Base/Web_Images/Subway/en-us/Products/30118_318x535.png",
                        "xhdpi": "http://media.subway.com/digital/Account_Updates/Assets/App-Base/Web_Images/Subway/en-us/Products/30118_424x714.png",
                        "xxhdpi": "http://media.subway.com/digital/Account_Updates/Assets/App-Base/Web_Images/Subway/en-us/Products/30118_636x1071.png",
                        "xxxhdpi": "http://media.subway.com/digital/Account_Updates/Assets/App-Base/Web_Images/Subway/en-us/Products/30118_544x1428.png"
                    }
                },
                "cta1": {
                    "title": "Redeem Now",
                    "deeplink": "subway://category/3"
                },
                "cta2": {
                    "title": null,
                    "deeplink": null
                }
            },
            {
                "offerId": "931005799",
                "offerTitle": "Free Double Meat on any 6inch",
                "offerDescription": "Free Double Meat on any 6inch",
                "offerDetailedDescription": "Free Double Meat on any 6inch",
                "startDate": "2017-06-22",
                "expirationDate": "2018-06-22",
                "offerStatus": "ACTIVE",
                "offerCampaignUri": "subdig3:offermanager:offercampaign#b5009e61-826b-41ce-9ffd-eaed6f8907db",
                "propositionGuid": "subway:AC-2018052589-D8IaayFxV252ZvrqwR4xiIboYuVDimfE",
                "offerType": "Non S&D",
                "LegalDisclaimersList": [
                    {
                        "legalDisclaimer": "Valid at participating U.S. restaurants, excluding kiosk orders. Additional charge for Extras. Plus applicable tax. No cash value. Not for sale. One time use. One coupon per qualifying item(s). Cannot be combined with promotional offers. Void if transferred, sold, auctioned, reproduced, purchased or altered, and where prohibited."
                    }
                ],
                "image": {
                    "ios": {
                        "1x": "http://media.subway.com/Digital/Account_Updates/Assets/App-Base/Web_images/subway/en-US/Products/30012_212x357.png",
                        "2x": "http://media.subway.com/Digital/Account_Updates/Assets/App-Base/Web_images/subway/en-US/Products/30012_424x714.png",
                        "3x": "http://media.subway.com/Digital/Account_Updates/Assets/App-Base/Web_images/subway/en-US/Products/30012_636x1071.png"
                    },
                    "android": {
                        "mdpi": "http://media.subway.com/Digital/Account_Updates/Assets/App-Base/Web_images/subway/en-US/Products/30012_212x357.png",
                        "hdpi": "http://media.subway.com/Digital/Account_Updates/Assets/App-Base/Web_images/subway/en-US/Products/30012_318x535.png",
                        "xhdpi": "http://media.subway.com/Digital/Account_Updates/Assets/App-Base/Web_images/subway/en-US/Products/30012_424x714.png",
                        "xxhdpi": "http://media.subway.com/Digital/Account_Updates/Assets/App-Base/Web_images/subway/en-US/Products/30012_636x1071.png",
                        "xxxhdpi": "http://media.subway.com/Digital/Account_Updates/Assets/App-Base/Web_images/subway/en-US/Products/30012_544x1428.png"
                    }
                },
                "cta1": {
                    "title": "Redeem Now",
                    "deeplink": "subway://category/3"
                },
                "cta2": {
                    "title": null,
                    "deeplink": null
                }
            },
            {
                "offerId": "931006403",
                "offerTitle": "Buy 2 Footlongs, Get 1 Free",
                "offerDescription": "Buy 2 Footlongs, Get 1 Free",
                "offerDetailedDescription": "Buy 2 Footlongs, Get 1 Free",
                "startDate": "2017-06-22",
                "expirationDate": "2018-06-22",
                "offerStatus": "ACTIVE",
                "offerCampaignUri": "subdig3:offermanager:offercampaign#c3a17371-65ef-4191-8fa7-dba5345ed1ab",
                "propositionGuid": "subway:LEGACYSW-yFzf-iqgn-9jSU-xAwWyrTGMpNY",
                "offerType": "Non S&D",
                "LegalDisclaimersList": [
                    {
                        "legalDisclaimer": "Offer valid on footlong and salads. Free sub or salad excludes Extras. Valid at participating U.S. restaurants, excluding kiosk orders. Plus applicable tax. No cash value. Not for sale. One time use. One coupon per qualifying item(s). Cannot be combined with promotional offers. Void if transferred, sold, auctioned, reproduced, purchased or altered, and where prohibited."
                    }
                ],
                "image": {
                    "ios": {
                        "1x": "http://media.subway.com/digital/Account_Updates/Assets/App-Base/Web_Images/Subway/en-us/Products/30118_212x357.png",
                        "2x": "http://media.subway.com/digital/Account_Updates/Assets/App-Base/Web_Images/Subway/en-us/Products/30118_424x714.png",
                        "3x": "http://media.subway.com/digital/Account_Updates/Assets/App-Base/Web_Images/Subway/en-us/Products/30118_636x1071.png"
                    },
                    "android": {
                        "mdpi": "http://media.subway.com/digital/Account_Updates/Assets/App-Base/Web_Images/Subway/en-us/Products/30118_212x357.png",
                        "hdpi": "http://media.subway.com/digital/Account_Updates/Assets/App-Base/Web_Images/Subway/en-us/Products/30118_318x535.png",
                        "xhdpi": "http://media.subway.com/digital/Account_Updates/Assets/App-Base/Web_Images/Subway/en-us/Products/30118_424x714.png",
                        "xxhdpi": "http://media.subway.com/digital/Account_Updates/Assets/App-Base/Web_Images/Subway/en-us/Products/30118_636x1071.png",
                        "xxxhdpi": "http://media.subway.com/digital/Account_Updates/Assets/App-Base/Web_Images/Subway/en-us/Products/30118_544x1428.png"
                    }
                },
                "cta1": {
                    "title": "Redeem Now",
                    "deeplink": "subway://category/3"
                },
                "cta2": {
                    "title": null,
                    "deeplink": null
                }
            }
        ]
    },
      "Certificates": {
        "certificateCount": 0,
        "ResponseDetails": {
            "responseCode": "core36",
            "responseMessage": "No Available Certificates",
            "responseSuccess": "true"
        },
        "CertificatesList": []
    },
        "status" : "Success"
      }
    },  
    "OffersStatus" : {
      "properties" : {
        "statusDescription" : {
          "type" : "string",
          "example" : "Done",
          "description" : "Reponse Status Description"
         },
        "errorDescription" : {
          "type" : "string",
          "example" : "null",
          "description" : "Reponse Error Description"
         },
        "errorCode" : {
          "type" : "string",
          "example" : "null",
          "description" : "Reponse Error Code"
        },
        "statusCode" : {
          "type" : "string",
          "example" : "SUCCESS",
          "description" : "Reponse Status Code"
        } 
      }
    },
    "CertificatesResponseDetails" : {
      "required" : [ "responseCode", "responseMessage", "responseSuccess" ],
      "properties" : {
        "responseCode" : {
          "type" : "string",
          "example" : "core36",
          "description" : "Response Code"
        },
        "responseMessage" : {
          "type" : "string",
          "example" : "No Available Certificates",
          "description" : "Response message about the available certificates"
        },
        "responseSuccess" : {
          "type" : "boolean",
          "example" : true,
          "description" : "Response success flag"
        }
      },
      "description" : "Response Details",
      "example" : {
        "responseSuccess" : true,
        "responseMessage" : "No Available Certificates",
        "responseCode" : "core36"
      }
    },
    "Offers" : {
      "required" : [ "OffersList" ],
      "properties" : {
        "Status" : {         
          "items" : {
            "$ref" : "#/definitions/OffersStatus"
          }
        },
        "OffersList" : {
          "items" : {
            "$ref" : "#/definitions/OffersList"
          }
        }        
      }    
    },
    "SummariesInfo": {
      "properties" : {
        "rewardType" : {
          "type" : "string",
          "example" : "Points",
          "description" : "Reward Type"
        } ,
        "available" : {
          "type" : "integer",
          "example" : 20,
          "description" : "Available value"
        } ,
        "bucketId" : {
          "type" : "integer",
          "example" : 30,
          "description" : "Bucket ID"
        }
      }      
    },
    "ResponseDetailsInfo" : {
      "properties" : {
        "responseSuccess" : {
          "type" : "boolean",
          "example" : true,
          "description" : "Response Success"
        } ,
        "responseMessage" : {
          "type" : "string",
          "example" : "success",
          "description" : "Response Message"
        } ,
        "responseCode" : {
          "type" : "string",
          "example" : "core0",
          "description" : "Response Message"
        } 
      }
    },
    "Loyalty" : {      
      "required" : [ "Summaries" ],
      "properties" : {
        "Summaries" : {
          "$ref" : "#/definitions/SummariesInfo"
        },
        "statusInfo" : {
          "type" : "string",
          "example" : "Status info",
          "description" : "Status Information"
        } ,
        "ResponseDetails" : {
          "$ref" : "#/definitions/ResponseDetailsInfo"
        },
        "status" : {
          "type" : "string",
          "example" : "SUCCESS",
          "description" : "Status Message"
        } 
      }
    },
    "CertificatesResponseSchema" : {
      "required" : [ "CertificatesList", "ResponseDetails", "certificateCount" ],
      "properties" : {
        "certificateCount" : {
          "type" : "string",
          "example" : "null",
          "description" : "The number of certificates"
        },
        "ResponseDetails" : {
          "$ref" : "#/definitions/CertificatesResponseDetails"
        },
        "CertificatesList" : {
          "items" : {
            "$ref" : "#/definitions/CertificatesList"
          }
        }
      }
    },
    "OffersList" : {
      "properties" : {
      "offerDetailedDescription" : {
        "type" : "string",
        "example" : "Free Footlong",
        "description" : "Offer Detailed Description"
      },
      "propositionGuid" : {
        "type" : "string",
        "example" : "subway:AC-QBjLtYfCzhJLR2XzczKiYQ-CmyJ4PdHJBuPOF7AJ7OQ",
        "description" : "Proposition Guid"
      } ,
      "ImagesList" : {
        "properties" : {
          "offerImageURL" : {
            "type" : "string",
            "example" : "http://subway-mkt-stage1-res.campaign.adobe.com/res/subway_mkt_stage1/subway_sm.png",
            "description" : "Offer ImageURL"
          },
          "offerImageChannelType" : {
            "type" : "string",
            "example" : "MOBILE",
            "description" : "Offer Image Channel Type"
          } 
        }        
      },
      "offerStatus" : {
        "type" : "string",
        "example" : "ACTIVE",
        "description" : "Offer Status"
      },
      "offerType" : {
        "type" : "string",
        "example" : "Non S&D",
        "description" : "Offer Type"
      },
      "offerCampaignUri" : {
        "type" : "string",
        "example" : "subdig3:offermanager:offercampaign#9404a8ea-5b2a-48f2-a4c6-e938928884a6",
        "description" : "Offer Campaign Uri"
      },
      "offerDescription" : {
        "type" : "string",
        "example" : "www.subway.com",
        "description" : "Offer Description"
      },
      "offerId" : {
        "type" : "string",
        "example" : "930007921",
        "description" : "Offer Type"
      },
      "startDate" : {
        "type" : "string",
        "example" : "4400-14-00",
        "description" : "Offer Id"
      },
      "LegalDisclaimersList" : {
        "properties" : {
        "legalDisclaimer" : {
          "type" : "string",
          "example" : "TEXT",
          "description" : "Offer Id"
        }          
        }
      },      
      "offerTitle" : {
        "type" : "string",
        "example" : "Free Footlong",
        "description" : "Offer Title"
      },
      "expirationDate" : {
        "type" : "string",
        "example" : "2018-01-28",
        "description" : "Expiration Date"
      } 
    }
  }
}
}