{
  "swagger": "2.0",
  "info": {
    "version": "1.0.0",
    "title": "Guest Look up APIs",
    "description": "This is APIs for Guest Look ups",
    "contact": {
      "name": "API Support",
      "email": "nader_b@subway.com"
    },
    "license": {
      "name": "Apache 2.0",
      "url": "http://www.apache.org/licenses/LICENSE-2.0.html"
    }
  },
  "host": "c6nrvco0y5.execute-api.us-east-2.amazonaws.com",
  "basePath": "/dev",
  "schemes": [
    "https"
  ],
  "paths": {
    "/phonelookup": {
      "post": {
        "summary": "Process to retrieve Guest Id, First and Last Name by providing a phone number.",
        "consumes": [
          "application/json"
        ],
        "parameters": [
          {
            "in": "body",
            "name": "body",
            "required": true,
            "description": "The phone number",
            "schema": {
              "$ref": "#/definitions/PhoneLookup"
            }
          }
        ],
        "produces": [
          "application/json"
        ],
        "responses": {
          "200": {
            "description": "200 response",
            "schema": {
              "$ref": "#/definitions/PhoneLookupResponse"
            }
          }
        }
      }
    }
  },
  "securityDefinitions": {
    "JWTAuthorizer": {
      "type": "apiKey",
      "name": "Authorization",
      "in": "header",
      "x-amazon-apigateway-authtype": "custom"
    }
  },
  "definitions": {
    "GuestList": {
      "type": "object",
      "title": "GuestListResponseSchema",
      "required": [
        "guestId",
        "memberFirstName",
        "memberLastName"
      ],
      "properties": {
        "guestId": {
          "type": "string",
          "example": "5DaH5n9",
          "description": "MDM Id of guest"
        },
        "memberFirstName": {
          "type": "string",
          "example": "John",
          "description": "The Loyalty Member’s first name"
        },
        "memberLastName": {
          "type": "string",
          "example": "Doe",
          "description": "The Loyalty Member’s last name"
        }
      }
    },
    "PhoneLookup": {
      "type": "object",
      "title": "PhoneLookupSchema",
      "required": [
        "phoneNumber"
      ],
      "properties": {
        "phoneNumber": {
          "type": "string",
          "example": 1234567890,
          "description": "A phone number to find guest info"
        }
      }
    },
    "PhoneLookupResponse": {
      "type": "object",
      "title": "PhoneLookupResponseSchema",
      "required": [
        "dateTime",
        "status",
        "reason",
        "GuestList"
      ],
      "properties": {
        "dateTime": {
          "type": "string",
          "example": "2018-03-30 10:10:50.554",
          "description": "Date time of the response"
        },
        "status": {
          "type": "string",
          "example": "Success",
          "description": "Reponse Status"
        },
        "reason": {
          "type": "string",
          "example": "",
          "description": "Response Reason"
        },
        "GuestList": {
          "type": "array",
          "description": "Response guest list",
          "items": {
            "$ref": "#/definitions/GuestList"
          }
        }
      }
    }
  }
}