{
    "swagger": "2.0",
    "info": {
        "description": "Purchase History API",
        "version": "1.0.0",
        "title": "purchase-history",
        "contact": {
            "name": "API Support",
            "email": "nikhil.z.kumar@accenture.com"
        },
        "license": {
            "name": "Apache 2.0",
            "url": "http://www.apache.org/licenses/LICENSE-2.0.html"
        }
    },
    "host": "c6nrvco0y5.execute-api.us-east-2.amazonaws.com",
    "basePath": "/dev",
    "schemes": [
        "https"
    ],
    "paths": {
        "/purchase-history": {
            "post": {
                "summary": "Purchase History API",
                "consumes": [
                    "application/json"
                ],
                "produces": [
                    "application/json"
                ],
                "parameters": [
                    {
                        "in": "body",
                        "name": "body",
                        "description": "Request for Purcahse History",
                        "required": true,
                        "schema": {
                            "$ref": "#/definitions/PurchaseHistoryRequest"
                        }
                    }
                ],
                "responses": {
                    "200": {
                        "description": "200 response",
                        "schema": {
                            "$ref": "#/definitions/PurchaseHistoryResponse"
                        }
                    }
                }
            }
        }
    },
    "definitions": {
        "PurchaseHistoryRequest": {
            "type": "object",
            "required": [
                "guestId"
            ],
            "properties": {
                "guestId": {
                    "type": "string",
                    "description": "Guest Id for which Purchase History will be retrieved",
                    "example": "XCg8dIy"
                },
                "startDate": {
                    "type": "string",
                    "description": "Start Date for Date Range for which Purchase History will be retrieved",
                    "example": "2018-03-01"
                },
                "endDate": {
                    "type": "string",
                    "description": "End date for date Range for which Purchase History will be retrieved",
                    "example": "2018-03-01"
                }
            }
        },
        "PurchaseHistoryResponse": {
            "type": "object",
            "required": [
                "baseUrl",
                "totalResults",
                "returnedResults",
                "results",
                "timestamp",
                "disclaimer"
            ],
            "properties": {
                "baseUrl": {
                    "type": "string",
                    "description": "Base Url",
                    "example": "http://media.subway.com/digital/Account_Updates/Assets/App-Base"
                },
                "totalResults": {
                    "type": "integer",
                    "description": "Count of total results found",
                    "example": 2
                },
                "returnedResults": {
                    "type": "integer",
                    "description": "Count of returned results",
                    "example": 2
                },
                "results": {
                    "type": "array",
                    "items": {
                            "$ref": "#/definitions/results"
                    }
                },
                "timestamp": {
                    "type": "string",
                    "description": "Date at which Purchase History was extracted",
                    "example": "2018-05-03T04:01:44.7730689-04:00"
                },
                "disclaimer": {
                    "type": "string",
                    "description": "Disclaimer for the order",
                    "example": "2,000 calories a day is used for general nutrition advice, but calorie needs vary. Additional nutrition information available upon request."
                }
            }
        },
        "ResultsItems": {
            "type": "object",
            "properties": {
                "cartId": {
                    "type": "string",
                    "description": "Cart Id for the Order",
                    "example": "9da39dd4-99ff-4ea9-a14c-b45f53ccf202"
                },
                "storeID": {
                    "type": "string",
                    "description": "Store from which Order was placed",
                    "example": "12921"
                },
                "orderNumber": {
                    "type": "string",
                    "description": "Number for the Order",
                    "example": "9DA39DD4-99"
                },
                "status": {
                    "type": "string",
                    "description": "Order Status",
                    "example": "Paid"
                },
                "pickupDate": {
                    "type": "string",
                    "description": "Pick Up date for the order",
                    "example": "2018-03-15 11:10:00 PM"
                },
                "orderItemName": {
                    "type": "string",
                    "description": "Names of items in the Order",
                    "example": "12 Oven Roasted Chicken"
                },
                "quantity": {
                    "type": "integer",
                    "description": "Quantity of the ordered items",
                    "example": 1
                },
                "orderItemPrice": {
                    "type": "number",
                    "description": "Price of the ordered item",
                    "example": 6.69
                },
                "total": {
                    "type": "number",
                    "description": "Total Price of the Order",
                    "example": 21.07
                },
                "storeAddress": {
                    "type": "string",
                    "description": "Address of the store from which order was placed",
                    "example": "200 W Ridge Pike, Conshohocken, PA"
                },
                "notes": {
                    "type": "string",
                    "description": "Any Additional comments with the order"
                },
                "orderDate": {
                    "type": "string",
                    "description": "Date at which order was placed",
                    "example": "2018-03-15 10:50:32 PM"
                },
                "isReOrderAllowed": {
                    "type": "boolean",
                    "description": "Is the order marked as favorite",
                    "example": true
                },
                "deltaList": {
                    "type": "array",
                    "items": {
                            "$ref": "#/definitions/deltaList"
                    }
                },
                "loyaltyHistoryType": {
                    "type": "string",
                    "description": "Loyalty History Type",
                    "example": "TRANSACTION"
                }
            }        
        },
        "results": {
            "type": "array",
            "items": {
                "$ref": "#/definitions/ResultsItems"
            }
        },
        "deltaList": {
            "type": "array",
            "items": {
                "type": "object",
                "properties": {
                    "alchemyId": {
                        "type": "string",
                        "description": "alchemy Id",
                        "example": "5020000047443373"
                    },
                    "xref": {
                        "type": "string",
                        "description": "xref",
                        "example": "58644-0-1-352c9665-4338-4205-b7f5-85588xxxxxxxxxxxxxxx"
                    },
                    "deltaDTO": {
                        "type": "array",
                        "items": {
                                "$ref": "#/definitions/deltaDTO"
                        }
                    }
                }
            }
        },
        "deltaDTO": {
            "type": "array",
            "items": {
                "type": "object",
                "properties": {
                    "rewardType": {
                        "type": "string",
                        "description": "Reward type in loyalty (Points, Certificates)",
                        "example": "Points"
                    },
                    "netBalance": {
                        "type": "string",
                        "description": "Points transacted in the history item",
                        "example": "39.00"
                    },
                    "rollingBalance": {
                        "type": "string",
                        "description": "Net account balance for the reward type",
                        "example": "39.00"
                    },
                    "bucketList": {
                            "$ref": "#/definitions/bucketList"
                    },
                    "itemList": {
                        "type": "object",
                        "properties": {}
                    }
                }
            }
        },
        "bucketList": {
            "type": "object",
            "properties": {
                "bucketDTO": {
                    "type": "object",
                    "properties": {
                        "bucketId": {
                            "type": "string",
                            "description": "Bucket Id",
                            "example": "30"
                        },
                        "deltaAmount": {
                            "type": "string",
                            "description": "Points burned or earned for the order (base and bonus on separate lines)",
                            "example": "39.00"
                        }
                    }
                }
            }
        }
    }
}