{
  "swagger": "2.0",
  "info": {
    "version": "1.0.0",
    "title": "Guest Look up APIs",
    "description": "This is APIs for Guest Look ups",
    "contact": {
      "name": "API Support",
      "email": "nader_b@subway.com"
    },
    "license": {
      "name": "Apache 2.0",
      "url": "http://www.apache.org/licenses/LICENSE-2.0.html"
    }
  },
  "host": "c6nrvco0y5.execute-api.us-east-2.amazonaws.com",
  "basePath": "/dev",
  "schemes": [
    "https"
  ],
  "paths": {
    "/redeem-sl": {
      "post": {
        "summary": "Process to retrieve Balance, Offer, Loyalty and Certificates for a given Guest.",
        "consumes": [
          "application/json"
        ],
        "parameters": [
          {
            "in": "body",
            "name": "body",
            "required": true,
            "description": "Loyalty guest lookup payload",
            "schema": {
              "$ref": "#/definitions/redeemRequest"
            }
          }
        ],
        "produces": [
          "application/json"
        ],
        "responses": {
          "200": {
            "description": "200 response",
            "schema": {
              "$ref": "#/definitions/redeemResponse"
            }
          }
        }
      }
    }
  },
  "securityDefinitions": {
    "JWTAuthorizer": {
      "type": "apiKey",
      "name": "Authorization",
      "in": "header",
      "x-amazon-apigateway-authtype": "custom"
    }
  },
  "definitions": {
    "redeemRequest": {
      "type": "object",
      "required": [
        "guestId",
        "country",
        "transactionSubTotalAmount",
        "transactionTotalAmount",
        "transactionType",
        "transactionSubType",
        "transactionCategory",
        "Certificates",
        "Offers",
        "saleTerminal",
        "Items"
      ],
      "properties": {
        "guestId": {
          "type": "string",
          "example": "5x3das",
          "description": "Reltio Guest Id"
        },
        "country": {
          "type": "string",
          "example": "USA",
          "description": "USA or Canada Country Flag"
        },
        "transactionSubTotalAmount": {
          "type": "number",
          "example": 2.5,
          "description": "Subtotal amount for the transaction"
        },
        "transactionTotalAmount": {
          "type": "string",
          "example": 2.85,
          "description": "Total amount for the transaction"
        },
        "transactionType": {
          "type": "string",
          "example": "Sale",
          "description": "Transaction Type"
        },
        "transactionSubType": {
          "type": "string",
          "example": "Retail",
          "description": "Transaction Subtype"
        },
        "transactionCategory": {
          "type": "string",
          "example": "INSTORE",
          "description": "Transaction Category"
        },
        "Certificates": {
          "type": "array",
          "items": {
            "$ref": "#/definitions/CertificatesList"
          }
        },
        "Offers": {
          "type": "array",
          "items": {
            "$ref": "#/definitions/Offers"
          }
        },
        "saleTerminal": {
          "$ref": "#/definitions/SaleTerminal"
        }
      },
      "title": "Loyalty Guest Lookup",
      "example": {
        "country": "USA",
        "saleTerminal": {
          "businessDate": "2014-06-11",
          "satelliteId": "0",
          "posVersion": "3",
          "posTransactionId": "12354678",
          "terminalId": "10BCAAS4",
          "storeId": "10799",
          "transactionDate": "2014-06-11",
          "transactionId": "484583823",
          "posType": "POS"
        },
        "certStatus": "Issued",
        "ksn": "",
        "domain": "",
        "sellerProfileId": "",
        "subcardNumber": "",
        "clerkId": "",
        "device": "",
        "guestId": "5DaH5n9",
        "acquired": "Issued"
      }
    },
    "redeemResponse": {
      "type": "object",
      "required": [
        "BalanceInquiry",
        "Certificates",
        "GuestList",
        "Loyalty",
        "Offers",
        "dateTime",
        "reason",
        "requestID",
        "status"
      ],
      "properties": {
        "requestID": {
          "type": "string",
          "example": "123456",
          "description": "ID of the request"
        },
        "dateTime": {
          "type": "string",
          "example": "2018-01-16 16:00:48.38",
          "description": "DateTime of the request"
        },
        "status": {
          "type": "string",
          "example": "Success",
          "description": "Overall response status. Values are: SUCCESS, FAILURE"
        },
        "reason": {
          "type": "string",
          "example": "null",
          "description": "Reason"
        },
        "GuestList": {
          "type": "array",
          "description": "MDM id of guest",
          "items": {
            "$ref": "#/definitions/GuestList"
          }
        },
        "BalanceInquiry": {
          "$ref": "#/definitions/BalanceInquiry"
        },
        "Offers": {
          "$ref": "#/definitions/Offers"
        },
        "Loyalty": {
          "$ref": "#/definitions/Loyalty"
        },
        "Certificates": {
          "$ref": "#/definitions/CertificatesResponseSchema"
        }
      },
      "title": "Loyalty Guest Lookup Response",
      "example": {
        "dateTime": "2018-01-16 16:00:48.38",
        "reason": "null",
        "requestID": "123456",
        "Certificates": {
          "CertificatesList": [
            {
              "amount": 12.21,
              "serialNumber": "123213214",
              "expirationDate": "2018-03-05"
            },
            {
              "amount": 12.21,
              "serialNumber": "123213214",
              "expirationDate": "2018-03-05"
            }
          ],
          "certificateCount": "null",
          "ResponseDetails": {
            "responseSuccess": true,
            "responseMessage": "No Available Certificates",
            "responseCode": "core36"
          }
        },
        "GuestList": [
          {
            "memberFirstName": "John",
            "memberLastName": "Doe",
            "guestId": "5DaH5n9"
          },
          {
            "memberFirstName": "John",
            "memberLastName": "Doe",
            "guestId": "5DaH5n9"
          }
        ],
        "Offers": {
          "Status": {
            "statusDescription": "Done",
            "errorDescription": "null",
            "errorCode": "null",
            "statusCode": "SUCCESS"
          },
          "OffersList": [
            {
              "offerDetailedDescription": "Free Footlong",
              "propositionGuid": "subway:AC-QBjLtYfCzhJLR2XzczKiYQ-CmyJ4PdHJBuPOF7AJ7OQ",
              "ImagesList": [
                {
                  "offerImageURL": "http://subway-mkt-stage1-res.campaign.adobe.com/res/subway_mkt_stage1/subway_sm.png",
                  "offerImageChannelType": "MOBILE"
                },
                {
                  "offerImageURL": "http://subway-mkt-stage1-res.campaign.adobe.com/res/subway_mkt_stage1/subway_sm.png",
                  "offerImageChannelType": "MOBILE"
                }
              ],
              "offerStatus": "ACTIVE",
              "offerType": "Non S&D",
              "offerCampaignUri": "subdig3:offermanager:offercampaign#9404a8ea-5b2a-48f2-a4c6-e938928884a6",
              "offerDescription": "www.subway.com",
              "offerId": "930007921",
              "startDate": "4400-14-00",
              "LegalDisclaimersList": [
                {
                  "legalDisclaimer": "TEXT"
                },
                {
                  "legalDisclaimer": "TEXT"
                }
              ],
              "CTAList": [
                {
                  "offerClickToActionUrl": "www.subway.com",
                  "offerClickToActionTitle": "www.subway.com"
                },
                {
                  "offerClickToActionUrl": "www.subway.com",
                  "offerClickToActionTitle": "www.subway.com"
                }
              ],
              "offerTitle": "Free Footlong",
              "expirationDate": "2018-01-28"
            },
            {
              "offerDetailedDescription": "Free Footlong",
              "propositionGuid": "subway:AC-QBjLtYfCzhJLR2XzczKiYQ-CmyJ4PdHJBuPOF7AJ7OQ",
              "ImagesList": [
                {
                  "offerImageURL": "http://subway-mkt-stage1-res.campaign.adobe.com/res/subway_mkt_stage1/subway_sm.png",
                  "offerImageChannelType": "MOBILE"
                },
                {
                  "offerImageURL": "http://subway-mkt-stage1-res.campaign.adobe.com/res/subway_mkt_stage1/subway_sm.png",
                  "offerImageChannelType": "MOBILE"
                }
              ],
              "offerStatus": "ACTIVE",
              "offerType": "Non S&D",
              "offerCampaignUri": "subdig3:offermanager:offercampaign#9404a8ea-5b2a-48f2-a4c6-e938928884a6",
              "offerDescription": "www.subway.com",
              "offerId": "930007921",
              "startDate": "4400-14-00",
              "LegalDisclaimersList": [
                {
                  "legalDisclaimer": "TEXT"
                },
                {
                  "legalDisclaimer": "TEXT"
                }
              ],
              "CTAList": [
                {
                  "offerClickToActionUrl": "www.subway.com",
                  "offerClickToActionTitle": "www.subway.com"
                },
                {
                  "offerClickToActionUrl": "www.subway.com",
                  "offerClickToActionTitle": "www.subway.com"
                }
              ],
              "offerTitle": "Free Footlong",
              "expirationDate": "2018-01-28"
            }
          ]
        },
        "Loyalty": {
          "statusInfo": "Status info",
          "Summaries": [
            {
              "rewardType": "Points",
              "available": 20,
              "bucketId": 30
            },
            {
              "rewardType": "Points",
              "available": 20,
              "bucketId": 30
            }
          ],
          "ResponseDetails": {
            "responseSuccess": true,
            "responseMessage": "success",
            "responseCode": "core0"
          },
          "status": "SUCCESS"
        },
        "status": "Success",
        "BalanceInquiry": {
          "reason": "null",
          "Receipt": {
            "accountId": "null",
            "valueStoreBalances": {
              "amount": "3.25",
              "currency": "dollar",
              "status": ""
            },
            "registered": "null",
            "status": "null"
          },
          "status": "null"
        }
      }
    },
    "CertificatesList": {
      "type": "object",
      "required": [
        "amount",
        "expirationDate",
        "serialNumber"
      ],
      "properties": {
        "serialNumber": {
          "type": "string",
          "example": "123213214",
          "description": "Certificate serial number"
        },
        "amount": {
          "type": "number",
          "example": 12.21,
          "description": "Certificate value amount"
        },
        "expirationDate": {
          "type": "string",
          "example": "2018-03-05",
          "description": "Certificate expiration date"
        }
      },
      "title": "Certificates List",
      "example": {
        "amount": 12.21,
        "serialNumber": "123213214",
        "expirationDate": "2018-03-05"
      }
    },
    "Summaries": {
      "type": "object",
      "required": [
        "available",
        "bucketId",
        "rewardType"
      ],
      "properties": {
        "bucketId": {
          "type": "integer",
          "example": 30,
          "description": "The identifier for a bucket belonging to a particular Loyalty Currency in which this particular element of Summary belongs to."
        },
        "rewardType": {
          "type": "string",
          "example": "Points",
          "description": "The type of Loyalty Currency (AKA reward Type)."
        },
        "available": {
          "type": "integer",
          "example": 20,
          "description": "The total available amount of this particular identifying bucket of Loyalty Currency for this Loyalty Member ready for redemption."
        }
      },
      "title": "Summaries List",
      "example": {
        "rewardType": "Points",
        "available": 20,
        "bucketId": 30
      }
    },
    "OffersList": {
      "type": "object",
      "required": [
        "CTAList",
        "ImagesList",
        "LegalDisclaimersList",
        "expirationDate",
        "offerCampaignUri",
        "offerDescription",
        "offerDetailedDescription",
        "offerId",
        "offerStatus",
        "offerTitle",
        "offerType",
        "propositionGuid",
        "startDate"
      ],
      "properties": {
        "offerId": {
          "type": "string",
          "example": "930007921",
          "description": "Id of the Offer"
        },
        "offerTitle": {
          "type": "string",
          "example": "Free Footlong",
          "description": "Title of the Offer"
        },
        "offerDescription": {
          "type": "string",
          "example": "www.subway.com",
          "description": "Text name of the the campaign on the offer"
        },
        "offerDetailedDescription": {
          "type": "string",
          "example": "Free Footlong",
          "description": "Description of the Offer"
        },
        "startDate": {
          "type": "string",
          "example": "4400-14-00",
          "description": "Date on which the offer begins"
        },
        "expirationDate": {
          "type": "string",
          "example": "2018-01-28",
          "description": "Date on which the offer expires"
        },
        "offerStatus": {
          "type": "string",
          "example": "ACTIVE",
          "description": "Indicate the current state of an offer"
        },
        "offerCampaignUri": {
          "type": "string",
          "example": "subdig3:offermanager:offercampaign#9404a8ea-5b2a-48f2-a4c6-e938928884a6",
          "description": "Unique identifier for the offer campaign."
        },
        "propositionGuid": {
          "type": "string",
          "example": "subway:AC-QBjLtYfCzhJLR2XzczKiYQ-CmyJ4PdHJBuPOF7AJ7OQ",
          "description": "Unique identifier for a specific offer within a campaign"
        },
        "offerType": {
          "type": "string",
          "example": "Non S&D",
          "description": "Type of offer"
        },
        "LegalDisclaimersList": {
          "type": "array",
          "items": {
            "$ref": "#/definitions/LegalDisclaimerList"
          }
        },
        "ImagesList": {
          "type": "array",
          "items": {
            "$ref": "#/definitions/ImagesList"
          }
        },
        "CTAList": {
          "type": "array",
          "items": {
            "$ref": "#/definitions/CTAList"
          }
        }
      },
      "title": "Offers List",
      "example": {
        "offerDetailedDescription": "Free Footlong",
        "propositionGuid": "subway:AC-QBjLtYfCzhJLR2XzczKiYQ-CmyJ4PdHJBuPOF7AJ7OQ",
        "ImagesList": [
          {
            "offerImageURL": "http://subway-mkt-stage1-res.campaign.adobe.com/res/subway_mkt_stage1/subway_sm.png",
            "offerImageChannelType": "MOBILE"
          },
          {
            "offerImageURL": "http://subway-mkt-stage1-res.campaign.adobe.com/res/subway_mkt_stage1/subway_sm.png",
            "offerImageChannelType": "MOBILE"
          }
        ],
        "offerStatus": "ACTIVE",
        "offerType": "Non S&D",
        "offerCampaignUri": "subdig3:offermanager:offercampaign#9404a8ea-5b2a-48f2-a4c6-e938928884a6",
        "offerDescription": "www.subway.com",
        "offerId": "930007921",
        "startDate": "4400-14-00",
        "LegalDisclaimersList": [
          {
            "legalDisclaimer": "TEXT"
          },
          {
            "legalDisclaimer": "TEXT"
          }
        ],
        "CTAList": [
          {
            "offerClickToActionUrl": "www.subway.com",
            "offerClickToActionTitle": "www.subway.com"
          },
          {
            "offerClickToActionUrl": "www.subway.com",
            "offerClickToActionTitle": "www.subway.com"
          }
        ],
        "offerTitle": "Free Footlong",
        "expirationDate": "2018-01-28"
      }
    },
    "LegalDisclaimerList": {
      "type": "object",
      "required": [
        "legalDisclaimer"
      ],
      "properties": {
        "legalDisclaimer": {
          "type": "string",
          "example": "TEXT",
          "description": "Terms and Conditions text for the offer"
        }
      },
      "title": "Legal Disclaimer List",
      "example": {
        "legalDisclaimer": "TEXT"
      }
    },
    "ImagesList": {
      "type": "object",
      "required": [
        "offerImageChannelType",
        "offerImageURL"
      ],
      "properties": {
        "offerImageChannelType": {
          "type": "string",
          "example": "MOBILE",
          "description": "Content Type for the Image on the offer"
        },
        "offerImageURL": {
          "type": "string",
          "example": "http://subway-mkt-stage1-res.campaign.adobe.com/res/subway_mkt_stage1/subway_sm.png",
          "description": "URL for the image on the offer"
        }
      },
      "title": "Images List",
      "example": {
        "offerImageURL": "http://subway-mkt-stage1-res.campaign.adobe.com/res/subway_mkt_stage1/subway_sm.png",
        "offerImageChannelType": "MOBILE"
      }
    },
    "CTAList": {
      "type": "object",
      "required": [
        "offerClickToActionTitle",
        "offerClickToActionUrl"
      ],
      "properties": {
        "offerClickToActionUrl": {
          "type": "string",
          "example": "www.subway.com",
          "description": "Click to Action URL for the offer"
        },
        "offerClickToActionTitle": {
          "type": "string",
          "example": "www.subway.com",
          "description": "Click to Action Title for the offer"
        }
      },
      "title": "Call to Actions List",
      "example": {
        "offerClickToActionUrl": "www.subway.com",
        "offerClickToActionTitle": "www.subway.com"
      }
    },
    "GuestList": {
      "type": "object",
      "required": [
        "guestId",
        "memberFirstName",
        "memberLastName"
      ],
      "properties": {
        "guestId": {
          "type": "string",
          "example": "5DaH5n9",
          "description": "MDM Id of guest"
        },
        "memberFirstName": {
          "type": "string",
          "example": "John",
          "description": "The Loyalty Member’s first name"
        },
        "memberLastName": {
          "type": "string",
          "example": "Doe",
          "description": "The Loyalty Member’s last name"
        }
      },
      "title": "Guest List",
      "example": {
        "memberFirstName": "John",
        "memberLastName": "Doe",
        "guestId": "5DaH5n9"
      }
    },
    "SaleTerminal": {
      "required": [
        "businessDate",
        "posTransactionId",
        "posType",
        "posVersion",
        "satelliteId",
        "storeId",
        "terminalId",
        "transactionDate",
        "transactionId"
      ],
      "properties": {
        "storeId": {
          "type": "string",
          "example": "10799",
          "description": "Store Id of the transaction"
        },
        "satelliteId": {
          "type": "string",
          "example": "0",
          "description": "Satellite Id of the location of theLoyalty Transaction."
        },
        "terminalId": {
          "type": "string",
          "example": "10BCAAS4",
          "description": "Id of the POS Station/ terminal for the Loyalty Transaction"
        },
        "transactionId": {
          "type": "string",
          "example": "484583823",
          "description": "Identifier from the POS to markthe current transaction. (Usuallya counter for each individualoutbound API of the POS)"
        },
        "posTransactionId": {
          "type": "string",
          "example": "12354678",
          "description": "Transaction Id from the POS"
        },
        "posType": {
          "type": "string",
          "example": "POS",
          "description": "Type of POS creating the LoyaltyTransaction."
        },
        "posVersion": {
          "type": "string",
          "example": "3",
          "description": "Version of software the POS thetransaction originated from."
        },
        "businessDate": {
          "type": "string",
          "example": "2014-06-11",
          "description": "A timestamp indicating when atransaction posted to the client’s system. An example would bewhen a Credit Card takes additional days to clear."
        },
        "transactionDate": {
          "type": "string",
          "example": "2014-06-11",
          "description": "A timestamp indicating the datethe transaction posted to the client’s system."
        }
      },
      "description": "Information of the Terminal Sale.",
      "example": {
        "businessDate": "2014-06-11",
        "satelliteId": "0",
        "posVersion": "3",
        "posTransactionId": "12354678",
        "terminalId": "10BCAAS4",
        "storeId": "10799",
        "transactionDate": "2014-06-11",
        "transactionId": "484583823",
        "posType": "POS"
      }
    },
    "ValueStoreBalances": {
      "required": [
        "amount",
        "currency",
        "status"
      ],
      "properties": {
        "currency": {
          "type": "string",
          "example": "dollar",
          "description": "The currency of this balance"
        },
        "status": {
          "type": "string",
          "example": "",
          "description": "Status of the StoreBalance"
        },
        "amount": {
          "type": "string",
          "example": "3.25",
          "description": "Balance of currency type on the SUBWAY card"
        }
      },
      "example": {
        "amount": "3.25",
        "currency": "dollar",
        "status": ""
      }
    },
    "ReceiptInformation": {
      "required": [
        "accountId",
        "registered",
        "status",
        "valueStoreBalances"
      ],
      "properties": {
        "accountId": {
          "type": "string",
          "example": "null",
          "description": "Masked SUBWAY card number"
        },
        "status": {
          "type": "string",
          "example": "null",
          "description": "Status of the SUBWAY card"
        },
        "registered": {
          "type": "string",
          "example": "null",
          "description": "If the card is registered to a customer's profile"
        },
        "valueStoreBalances": {
          "$ref": "#/definitions/ValueStoreBalances"
        }
      },
      "example": {
        "accountId": "null",
        "valueStoreBalances": {
          "amount": "3.25",
          "currency": "dollar",
          "status": ""
        },
        "registered": "null",
        "status": "null"
      }
    },
    "BalanceInquiry": {
      "required": [
        "Receipt",
        "reason",
        "status"
      ],
      "properties": {
        "status": {
          "type": "string",
          "example": "null",
          "description": "Balance Status"
        },
        "reason": {
          "type": "string",
          "example": "null",
          "description": "Reason Status"
        },
        "Receipt": {
          "$ref": "#/definitions/ReceiptInformation"
        }
      },
      "example": {
        "reason": "null",
        "Receipt": {
          "accountId": "null",
          "valueStoreBalances": {
            "amount": "3.25",
            "currency": "dollar",
            "status": ""
          },
          "registered": "null",
          "status": "null"
        },
        "status": "null"
      }
    },
    "OffersStatus": {
      "required": [
        "errorCode",
        "errorDescription",
        "statusCode",
        "statusDescription"
      ],
      "properties": {
        "statusCode": {
          "type": "string",
          "example": "SUCCESS",
          "description": "Identifies the current state of an API call"
        },
        "statusDescription": {
          "type": "string",
          "example": "Done",
          "description": "Message that further describes the nature of the status code to which it is associated"
        },
        "errorCode": {
          "type": "string",
          "example": "null",
          "description": "Code that defines the error"
        },
        "errorDescription": {
          "type": "string",
          "example": "null",
          "description": "Text that describes this error"
        }
      },
      "example": {
        "statusDescription": "Done",
        "errorDescription": "null",
        "errorCode": "null",
        "statusCode": "SUCCESS"
      }
    },
    "Offers": {
      "required": [
        "OffersList",
        "Status"
      ],
      "properties": {
        "Status": {
          "$ref": "#/definitions/OffersStatus"
        },
        "OffersList": {
          "type": "array",
          "items": {
            "$ref": "#/definitions/OffersList"
          }
        }
      },
      "example": {
        "Status": {
          "statusDescription": "Done",
          "errorDescription": "null",
          "errorCode": "null",
          "statusCode": "SUCCESS"
        },
        "OffersList": [
          {
            "offerDetailedDescription": "Free Footlong",
            "propositionGuid": "subway:AC-QBjLtYfCzhJLR2XzczKiYQ-CmyJ4PdHJBuPOF7AJ7OQ",
            "ImagesList": [
              {
                "offerImageURL": "http://subway-mkt-stage1-res.campaign.adobe.com/res/subway_mkt_stage1/subway_sm.png",
                "offerImageChannelType": "MOBILE"
              },
              {
                "offerImageURL": "http://subway-mkt-stage1-res.campaign.adobe.com/res/subway_mkt_stage1/subway_sm.png",
                "offerImageChannelType": "MOBILE"
              }
            ],
            "offerStatus": "ACTIVE",
            "offerType": "Non S&D",
            "offerCampaignUri": "subdig3:offermanager:offercampaign#9404a8ea-5b2a-48f2-a4c6-e938928884a6",
            "offerDescription": "www.subway.com",
            "offerId": "930007921",
            "startDate": "4400-14-00",
            "LegalDisclaimersList": [
              {
                "legalDisclaimer": "TEXT"
              },
              {
                "legalDisclaimer": "TEXT"
              }
            ],
            "CTAList": [
              {
                "offerClickToActionUrl": "www.subway.com",
                "offerClickToActionTitle": "www.subway.com"
              },
              {
                "offerClickToActionUrl": "www.subway.com",
                "offerClickToActionTitle": "www.subway.com"
              }
            ],
            "offerTitle": "Free Footlong",
            "expirationDate": "2018-01-28"
          },
          {
            "offerDetailedDescription": "Free Footlong",
            "propositionGuid": "subway:AC-QBjLtYfCzhJLR2XzczKiYQ-CmyJ4PdHJBuPOF7AJ7OQ",
            "ImagesList": [
              {
                "offerImageURL": "http://subway-mkt-stage1-res.campaign.adobe.com/res/subway_mkt_stage1/subway_sm.png",
                "offerImageChannelType": "MOBILE"
              },
              {
                "offerImageURL": "http://subway-mkt-stage1-res.campaign.adobe.com/res/subway_mkt_stage1/subway_sm.png",
                "offerImageChannelType": "MOBILE"
              }
            ],
            "offerStatus": "ACTIVE",
            "offerType": "Non S&D",
            "offerCampaignUri": "subdig3:offermanager:offercampaign#9404a8ea-5b2a-48f2-a4c6-e938928884a6",
            "offerDescription": "www.subway.com",
            "offerId": "930007921",
            "startDate": "4400-14-00",
            "LegalDisclaimersList": [
              {
                "legalDisclaimer": "TEXT"
              },
              {
                "legalDisclaimer": "TEXT"
              }
            ],
            "CTAList": [
              {
                "offerClickToActionUrl": "www.subway.com",
                "offerClickToActionTitle": "www.subway.com"
              },
              {
                "offerClickToActionUrl": "www.subway.com",
                "offerClickToActionTitle": "www.subway.com"
              }
            ],
            "offerTitle": "Free Footlong",
            "expirationDate": "2018-01-28"
          }
        ]
      }
    },
    "DetailsoftheResponse": {
      "required": [
        "responseCode",
        "responseMessage",
        "responseSuccess"
      ],
      "properties": {
        "responseCode": {
          "type": "string",
          "example": "core0",
          "description": "Response code"
        },
        "responseMessage": {
          "type": "string",
          "example": "success",
          "description": "Response status message"
        },
        "responseSuccess": {
          "type": "boolean",
          "example": true,
          "description": "Response success flag"
        }
      },
      "example": {
        "responseSuccess": true,
        "responseMessage": "success",
        "responseCode": "core0"
      }
    },
    "Loyalty": {
      "required": [
        "ResponseDetails",
        "Summaries",
        "status",
        "statusInfo"
      ],
      "properties": {
        "status": {
          "type": "string",
          "example": "SUCCESS",
          "description": "Status of the loyalty response"
        },
        "statusInfo": {
          "type": "string",
          "example": "Status info",
          "description": "Status information"
        },
        "ResponseDetails": {
          "$ref": "#/definitions/DetailsoftheResponse"
        },
        "Summaries": {
          "type": "array",
          "items": {
            "$ref": "#/definitions/Summaries"
          }
        }
      },
      "example": {
        "statusInfo": "Status info",
        "Summaries": [
          {
            "rewardType": "Points",
            "available": 20,
            "bucketId": 30
          },
          {
            "rewardType": "Points",
            "available": 20,
            "bucketId": 30
          }
        ],
        "ResponseDetails": {
          "responseSuccess": true,
          "responseMessage": "success",
          "responseCode": "core0"
        },
        "status": "SUCCESS"
      }
    },
    "CertificatesResponseDetails": {
      "required": [
        "responseCode",
        "responseMessage",
        "responseSuccess"
      ],
      "properties": {
        "responseCode": {
          "type": "string",
          "example": "core36",
          "description": "Response Code"
        },
        "responseMessage": {
          "type": "string",
          "example": "No Available Certificates",
          "description": "Response message about the available certificates"
        },
        "responseSuccess": {
          "type": "boolean",
          "example": true,
          "description": "Response success flag"
        }
      },
      "description": "Response Details",
      "example": {
        "responseSuccess": true,
        "responseMessage": "No Available Certificates",
        "responseCode": "core36"
      }
    },
    "CertificatesResponseSchema": {
      "required": [
        "CertificatesList",
        "ResponseDetails",
        "certificateCount"
      ],
      "properties": {
        "certificateCount": {
          "type": "string",
          "example": "null",
          "description": "the number of certificates"
        },
        "ResponseDetails": {
          "$ref": "#/definitions/CertificatesResponseDetails"
        },
        "CertificatesList": {
          "type": "array",
          "title": "List of Certificates",
          "items": {
            "$ref": "#/definitions/CertificatesList"
          }
        }
      },
      "example": {
        "CertificatesList": [
          {
            "amount": 12.21,
            "serialNumber": "123213214",
            "expirationDate": "2018-03-05"
          },
          {
            "amount": 12.21,
            "serialNumber": "123213214",
            "expirationDate": "2018-03-05"
          }
        ],
        "certificateCount": "null",
        "ResponseDetails": {
          "responseSuccess": true,
          "responseMessage": "No Available Certificates",
          "responseCode": "core36"
        }
      }
    }
  }
}