{
  "swagger": "2.0",
  "info": {
    "description": "This is APIs for Subway Loyalty",
    "version": "1.0.0",
    "title": "Subway Loyalty APIs",
    "contact": {
      "name": "API Support",
      "email": "nader_b@subway.com"
    },
    "license": {
      "name": "Apache 2.0",
      "url": "http://www.apache.org/licenses/LICENSE-2.0.html"
    }
  },
  "host": "1pzq08wtpk.execute-api.us-east-2.amazonaws.com",
  "basePath": "/dev",
  "schemes": [
    "https"
  ],
  "paths": {
    "/reverse-void": {
      "post": {
        "summary": "Reverse Void receives data to revert offers, certificates, and points with Kobie and Paydiant systems.",
        "consumes": [
          "application/json"
        ],
        "produces": [
          "application/json"
        ],
        "parameters": [
          {
            "in": "body",
            "name": "body",
            "description": "The json body request",
            "required": true,
            "schema": {
              "$ref": "#/definitions/reverseVoidRequest"
            }
          }
        ],
        "responses": {
          "200": {
            "description": "200 response",
            "schema": {
              "$ref": "#/definitions/reverseVoidResponse"
            }
          }
        }
      }
    }
  },
  "securityDefinitions": {
    "JWTAuthorizer": {
      "type": "apiKey",
      "name": "Authorization",
      "in": "header",
      "x-amazon-apigateway-authtype": "custom"
    }
  },
  "definitions": {
    "reverseVoidRequest": {
      "type": "object",
      "required": [
        "guestId",
        "country",
        "transactionSubTotalAmount",
        "transactionTotalAmount",
        "transactionType",
        "transactionSubType",
        "transactionCategory",
        "saleTerminal",
        "Items"
      ],
      "properties": {
        "guestId": {
          "type": "string",
          "example": "5DaH5n9",
          "description": "Guest Id"
        },
        "country": {
          "type": "string",
          "example": "USA",
          "description": "Country"
        },
        "transactionSubTotalAmount": {
          "type": "string",
          "example": "transactionSubTotalAmount",
          "description": "Subtotal amount for the transaction"
        },
        "transactionTotalAmount": {
          "type": "number",
          "example": 2.85,
          "description": "Total amount of the transaction"
        },
        "transactionType": {
          "type": "string",
          "example": "Sale",
          "description": "Type of the transaction"
        },
        "transactionSubType": {
          "type": "string",
          "example": "Retail",
          "description": "Transaction sub type"
        },
        "transactionCategory": {
          "type": "string",
          "example": "INSTORE",
          "description": "Transaction Category"
        },
        "saleTerminal": {
          "$ref": "#/definitions/saleTerminal"
        },
        "Items": {
          "$ref": "#/definitions/Items"
        }
      },
      "title": "Redeem Request Data"
    },
    "saleTerminal": {
      "title": "Sale Terminal Data",
      "properties": {
        "storeId": {
          "type": "string",
          "example": "10799"
        },
        "satelliteId": {
          "type": "string",
          "example": "0"
        },
        "terminalId": {
          "type": "string",
          "example": "10BCAAS4"
        },
        "transactionId": {
          "type": "string",
          "example": "10BCAAS4"
        },
        "posTransactionId": {
          "type": "string",
          "example": "cbd4db1f-ffff-fffe-b3ae-7cd9a28b6846-JayK"
        },
        "posType": {
          "type": "string",
          "example": "POS"
        },
        "posVersion": {
          "type": "string",
          "example": "8.1.32.9"
        },
        "businessDate": {
          "type": "string",
          "example": "2016-12-19T00:00:01"
        }
      },
      "required": [
        "storeId",
        "satelliteId",
        "terminalId",
        "transactionId",
        "posTransactionId",
        "posType",
        "posVersion",
        "businessDate"
      ]
    },
    "Items": {
      "title": "Items Data",
      "properties": {
        "sequenceID": {
          "type": "string",
          "example": "1"
        },
        "productId": {
          "type": "string",
          "example": "45678"
        },
        "category": {
          "type": "string",
          "example": "Merchandise"
        },
        "price": {
          "type": "number",
          "example": 1.25
        },
        "discountedPrice": {
          "type": "number",
          "example": 1.25
        },
        "description": {
          "type": "string",
          "example": "water"
        }
      },
      "required": [
        "sequenceID",
        "productId",
        "category",
        "price",
        "discountedPrice",
        "description"
      ]
    },
    "reverseVoidResponse": {
      "type": "object",
      "required": [
        "transactionId",
        "status",
        "reason",
        "xref",
        "GuestList",
        "Offers",
        "Loyalty",
        "Certificates"
      ],
      "properties": {
        "transactionId": {
          "type": "string",
          "example": "10799-0-10BCAAS4-cbd4db1f-ffff-fffe-b3ae-7cd9a28b6846-JayK-",
          "description": "Transaction Id"
        },
        "status": {
          "type": "string",
          "example": "Success",
          "description": "Status"
        },
        "reason": {
          "type": "string",
          "example": "An error has occurred: reverting loyalty tokens, reverting offers",
          "description": "Status reason"
        },
        "xref": {
          "type": "number",
          "example": "10799-0-10BCAAS4-cbd4db1f-ffff-fffe-b3ae-7cd9a28b6846",
          "description": "Total amount of the transaction"
        },
        "GuestList": {
          "$ref": "#/definitions/GuestList"
        },
        "Offers": {
          "$ref": "#/definitions/Offers"
        },
        "Loyalty": {
          "$ref": "#/definitions/Loyalty"
        },
        "Certificates": {
          "$ref": "#/definitions/Certificates"
        }
      },
      "title": "Reverse Void Response Data"
    },
    "GuestList": {
      "type": "array",
      "items": {
        "type": "string"
      },
      "title": "List of Guest Ids"
    },
    "Offers": {
      "type": "object",
      "required": [
        "Status"
      ],
      "properties": {
        "Status": {
          "$ref": "#/definitions/Status"
        }
      }
    },
    "Status": {
      "type": "object",
      "required": [
        "statusCode",
        "statusDescription",
        "errorCode",
        "errorDescription"
      ],
      "properties": {
        "statusCode": {
          "type": "string",
          "example": "",
          "description": "Status Code"
        },
        "statusDescription": {
          "type": "string",
          "example": "Success",
          "description": "Status Description"
        },
        "errorCode": {
          "type": "string",
          "example": "An error has occurred: reverting loyalty tokens, reverting offers",
          "description": "Error code"
        },
        "errorDescription": {
          "type": "string",
          "example": "An error occurred",
          "description": "Description of Error"
        }
      }
    },
    "Loyalty": {
      "type": "object",
      "required": [
        "ResponseDetails"
      ],
      "properties": {
        "Status": {
          "$ref": "#/definitions/LoyaltyResponseDetails"
        }
      }
    },
    "LoyaltyResponseDetails": {
      "title": "Loyalty response details",
      "type": "object",
      "required": [
        "responseCode",
        "responseMessage",
        "responseSuccess"
      ],
      "properties": {
        "responseCode": {
          "type": "string",
          "example": "",
          "description": "Response Code"
        },
        "responseMessage": {
          "type": "string",
          "example": "Success",
          "description": "Response Message"
        },
        "responseSuccess": {
          "type": "string",
          "example": "Success",
          "description": "Response Success"
        }
      }
    },
    "Certificates": {
      "title": "Certificates",
      "type": "object",
      "required": [
        "ResponseDetails",
        "certificateCount",
        "CertificatesList",
        "FailedCertificatesList"
      ],
      "properties": {
        "ResponseDetails": {
          "$ref": "#/definitions/CertificatesResponseDetails"
        },
        "certificateCount": {
          "type": "integer",
          "example": "Success",
          "description": "Status Description"
        },
        "CertificatesList": {
          "type": "array",
          "items": {
            "type": "string"
          },
          "title": "List of Certificates"
        },
        "FailedCertificatesList": {
          "type": "array",
          "items": {
            "type": "string"
          },
          "title": "List of Failed Certificates"
        }
      }
    },
    "CertificatesResponseDetails": {
      "title": "Certificate Response Details",
      "type": "object",
      "required": [
        "responseCode",
        "responseMessage",
        "responseSuccess"
      ],
      "properties": {
        "responseCode": {
          "type": "string",
          "example": "",
          "description": "Response Code"
        },
        "responseMessage": {
          "type": "string",
          "example": "Success",
          "description": "Response Message"
        },
        "responseSuccess": {
          "type": "string",
          "example": "Success",
          "description": "Response Success"
        }
      }
    }
  }
}