{
  "swagger": "2.0",
  "info": {
    "description": "This API is for sending notification for Remote Order when RO is ready,confirm or void  ",
    "version": "1.0.0",
    "title": "RO Guest Email API",
    "contact": {
      "name": "API Support",
      "email": "ruchi.sharm@accenture.com"
    },
    "license": {
      "name": "Apache 2.0",
      "url": "http://www.apache.org/licenses/LICENSE-2.0.html"
    }
  },
  "host": "https://1pzq08wtpk.execute-api.us-east-2.amazonaws.com",
  "basePath": "/dev",
  "schemes": [
    "https"
  ],
  "paths": {
    "/ro-guest-email": {
      "POST": {
        "summary": " sending email notification for RO Guest",
        "consumes": [
          "application/xml"
        ],
        "produces": [
          "application/xml"
        ],
        "parameters": [
          {
            "in": "body",
            "name": "body",
            "description": "Request Object for ro guest email notfication",
            "required": true,
            "schema": {
              "$ref": "#/definitions/roGuestEmailRequest"
            }
          }
        ],
        "responses": {
          "200": {
            "description": "200 response",
            "schema": {
              "$ref": "#/definitions/roGuestEmailResponse"
            }
          }
        }
      }
    }
  },
  "definitions": {
    "roGuestEmailRequest": {
      "type": "object",
      "required": [
        "rtEventtype",
        "email",
        "mobilePhone",
        "wishedChannel"
      ],
      "properties": {
        "rtEventtype": {
          "type": "string",
          "description": "rtEvent type for order",
          "example": "remoteOrderVoidNotification_EM_EN"         
        },
        "email": {
          "type": "string",
          "description": "Email of the guest",
          "example": "abc@email.com"          
        },
        "mobilePhone": {
          "type": "string",
          "description": "Phone number of guest",          
          "example": "9999999991"
        },
        "wishedChannel": {
          "type": "string",
          "description": "Communication Channel",
          "example": "0"
        },
        "externalId": {
          "type": "string",
          "description": "Guest ID to which mail will be sent",
          "example": "2WtkbCL"
        },
        "ctx": {
          "type": "object",
          "properties": {
            "origin": {
              "type": "string",
              "description": "origin",
              "example": "true"
            },
            "orderNumber": {
              "type": "string",
              "description": "order Number",
              "example": "123"
            },
            "orderType": {
              "type": "string",
              "description": "order Type",
              "example": "Delivery"
            },
            "pickupDateTime": {
              "type": "string",
              "description": "Order pickup Date Time",
              "example": "09:41:00"
            },
            "storeNum": {
              "type": "string",
              "description": "store Number",
              "example": "123"
            },
            "storeAddressLine1": {
              "type": "string",
              "description": "storeAddressLine1",
              "example": "325 Sub Way"
            },
            "storeAddressLine2": {
              "type": "string",
              "description": "storeAddressLine2",
              "example": "abc lane"
              
            },
            "storeCity": {
              "type": "string",
              "description": "Store City",
              "example": "CT"              
            },
            "storeZip": {
              "type": "string",
              "description": "Store Zip",
              "example": "06461"            
            },
            "storeCountry": {
              "type": "string",
              "description": "Store Country",
              "example": "US"

            },
            "firstName": {
              "type": "string",
              "description": "First Name",
              "example": "First test"
            },
            "lastName": {
              "type": "string",
              "description": "Last Name",
              "example": "last test"              
            },
            "guestCompanyName": {
              "type": "string",
              "description": "Guest Company Name",
              "example": "ABC Corp"
            },
            "paymentStatus": {
              "type": "string",
              "description": "payment Status",
              "example": "Rejected"              
            },
            "paymentApprovalNum": {
              "type": "string",
              "description": "Payment Approval Num",
              "example": "123"             
            },
            "specialInstructions": {
              "type": "string",
              "description": "Special Instructions",
              "example": "leave sandwiches at the door"              
            },
            "items": {
              "type": "array",
              "item": {
                "$ref": "#/definitions/item"
              }
            },
            "subtotal": {
              "type": "string",
              "description": "Sub Total",
              "example": "12"              
            },
            "salesTax": {
              "type": "string",
              "description": "General Sales Tax",
              "example": "1.12"
            },
            "total": {
              "type": "string",
              "description": "Total",
              "example": "13.12"              
            },
            "orderDate": {
              "type": "string",
              "description": "Order Date",
              "example": "Wed, Dec 3 at 12:00 PM"              
            },
            "loyaltyFlag": {
              "type": "string",
              "description": "Loyalty Flag",
              "example": "Tue, May 7 at 12:00 PM"              
            },
            "termsAndConditions": {
              "type": "string",
              "description": "Terms And Conditions",
              "example": ""
              
            },
            "country": {
              "type": "string",
              "description": "Country",
              "example": "US"              
            },
            "integrationKey": {
              "type": "string",
              "description": "Integration Key",
              "example": "Azure"              
            }
          }
        }
      }
    },
    "item": {
      "type": "object",
      "properties": {
        "quantity": {
          "type": "string",
          "description": "Quantity",
          "example": "2"          
        },
        "itemDescription": {
          "type": "string",
          "description": "Item Description",
          "example": "12\" Cold Cut Combo"          
        },
        "price": {
          "type": "string",
          "description": "Item Price",
          "example": "6"          
        },
        "amount": {
          "type": "string",
          "description": "Amount",
          "example": "12"          
        }
      }
    },
    "roGuestEmailResponse": {
    "type": "object",
      "properties": {
        "Status": {
          "type": "object",
          "required": [
            "StatusCode",
            "Message",
            "ErrorEntity"
          ],
          "properties": {
            "StatusCode": {
              "type": "string",
              "description": "Status Code",
              "example": "200"              
            },
            "Message": {
              "type": "string",
              "description": "Message",
              "example": "OK"              
            },
            "ErrorEntity": {
              "type": "string",
              "description": "Error Entity",
              "example": "N/A"              
            }
          }
        }
      }
    }
  }
}