{
  "swagger": "2.0",
  "info": {
    "title": "SUBWAY API",
    "version": "1.0.0"
  },
  "apis": [
    {
      "url": "./loyalty-guest-lookup-mobile-sl-swagger.json",
      "tags": {
        "add": [
          "Loyalty Guest Look Up Mobile"
        ]
      }
    },
    {
      "url": "./loyalty-guest-lookup-sl-swagger.json",
      "tags": {
        "add": [
          "Loyalty Guest Look Up SL"
        ]
      }
    },
    {
      "url": "./guest-lookup-fresh-buzz-swagger.json",
      "tags": {
        "add": [
          "Guest Look Up Fresh Buzz"
        ]
      }
    },
    {
      "url": "./guest-registration-fresh-buzz-sl-swagger.json",
      "tags": {
        "add": [
          "Guest Registration Fresh Buzz SL"
        ]
      }
    },
    {
      "url": "./guest-registration-sl-swagger.json",
      "tags": {
        "add": [
          "Guest Registration SL"
        ]
      }
    },
    {
      "url": "./guest-registration-ups-sl-swagger.json",
      "tags": {
        "add": [
          "Guest Registration UPS SL"
        ]
      }
    },
    {
      "url": "./insert-missing-points-swagger.json",
      "tags": {
        "add": [
          "Insert Missing"
        ]
      }
    },
    {
      "url": "./kobie-guest-email-mt-sl-swagger.json",
      "tags": {
        "add": [
          "Kobie Guest Email MT SL"
        ]
      }
    },
    {
      "url": "./kobie-to-mobile-account-history-sl-swagger.json",
      "tags": {
        "add": [
          "Kobie To Mobile Account History SL"
        ]
      }
    },
    {
      "url": "./loyalty-gift-card-link-swagger.json",
      "tags": {
        "add": [
          "Loyalty Gift Card Link"
        ]
      }
    },
    {
      "url": "./voucher-inquiry-sl-swagger.json",
      "tags": {
        "add": [
          "Voucher Inquiry SL"
        ]
      }
    },
    {
      "url": "./ro-guest-email-swagger.json",
      "tags": {
        "add": [
          "RO Guest Email"
        ]
      }
    },
    {
      "url": "./reverse-void-sl-swagger.json",
      "tags": {
        "add": [
          "Reverse Void SL"
        ]
      }
    },
    {
      "url": "./redeem-sl-swagger.json",
      "tags": {
        "add": [
          "Redeem SL"
        ]
      }
    },
    {
      "url": "./purchase-history-sl-swagger.json",
      "tags": {
        "add": [
          "Purchase History SL"
        ]
      }
    },
    {
      "url": "./phone-lookup-sl-swagger.json",
      "tags": {
        "add": [
          "Phone Look Up SL"
        ]
      }
    },
    {
      "url": "./guest-lookup-sl.json",
      "tags": {
        "add": [
          "Guest Look Up SL"
        ]
      }
    },
    {
      "url": "./loyalty-guest-lookup-web-sl-swagger.json",
      "tags": {
        "add": [
          "Loyalty Guest Look Up Web SL"
        ]
      }
    },
    {
      "url": "./kobie-guest-email-rn-cn-mr-sl-swagger.json",
      "tags": {
        "add": [
          "Kobie Guest Email RN CN MR SL"
        ]
      }
    }
  ]
}



