{
  "swagger": "2.0",
  "info": {
    "description": "Voucher Inquiry API",
    "version": "1.0.0",
    "title": "voucher-inquiry",
    "contact": {
      "name": "API Support",
      "email": "r.b.singhal@accenture.com"
    },
    "license": {
      "name": "Apache 2.0",
      "url": "http://www.apache.org/licenses/LICENSE-2.0.html"
    }
  },
  "host": "c6nrvco0y5.execute-api.us-east-2.amazonaws.com",
  "basePath": "/dev",
  "schemes": [
    "https"
  ],
  "paths": {
    "/voucherinquiry": {
      "post": {
        "summary": "Voucher Inquiry API",
        "consumes": [
          "application/json"
        ],
        "produces": [
          "application/json"
        ],
        "parameters": [
          {
            "in": "body",
            "name": "body",
            "description": "Request for Voucher Inquiry",
            "required": true,
            "schema": {
              "$ref": "#/definitions/voucherInquiryRequest"
            }
          }
        ],
        "responses": {
          "200": {
            "description": "200 response",
            "schema": {
              "$ref": "#/definitions/voucherInquiryResponse"
            }
          }
        }
      }
    }
  },
  "definitions": {
    "voucherInquiryRequest": {
      "type": "object",
      "required": [
        "country"
      ],
      "properties": {
        "Offers": {
          "type": "array",
          "items": {
            "type": "object",
            "required": [
              "propositionGuid"
            ],
            "properties": {
              "propositionGuid": {
                "type": "string",
                "description": "Offer Id sent for inquiry",
                "example": "subwaySD:AC-197103308-e912c8d36aabcfd292861025d7e28945"
              }
            }
          }
        },
        "country": {
          "type": "string",
          "description": "Country for voucher inquiry",
          "example": "USA"
        }
      }
    },
    "voucherInquiryResponse": {
      "type": "object",
      "required": [
        "status",
        "reason",
        "GuestList",
        "Offers"
      ],
      "properties": {
        "status": {
          "type": "string",
          "description": "Over all response status",
          "example": "Success"
        },
        "reason": {
          "type": "string",
          "description": "Reason",
          "example": "An error has occurred retrieving the offer details"
        },
        "GuestList": {
          "type": "array",
          "items": {
            "properties": {
              "guestId": {
                "type": "string",
                "description": "List of Guests",
                "example": "5DaH5n9"
              }
            }
          }
        },
        "Offers": {
            "$ref": "#/definitions/offers"
        }
      }
    },
    "offers": {
      "type": "object",
      "required": [
        "OffersList",
        "Status"
      ],
      "properties": {
        "Status": {
            "$ref": "#/definitions/offerStatus"
        },
        "OffersList": {
          "type": "array",
          "items": {
            "$ref": "#/definitions/offersList"
          }
        }
      }
    },
    "offerStatus": {
      "type": "object",
      "required": [
        "errorCode",
        "errorDescription",
        "statusCode",
        "statusDescription"
      ],
      "properties": {
        "statusCode": {
          "type": "string",
          "description": "Identifies the current state of an API call",
          "example": "SUCCESS"
        },
        "statusDescription": {
          "type": "string",
          "description": "Message that further describes the nature of the status code to which it is associated",
          "example": "Done"
        },
        "errorCode": {
          "type": "string",
          "description": "Code that defines the error",
          "example": "ERR107"
        },
        "errorDescription": {
          "type": "string",
          "description": "Text that describes this error",
          "example": "Missing Required Data"
        }
      }
    },
    "offersList": {
      "type": "array",
      "required": [
        "CTAList",
        "ImagesList",
        "LegalDisclaimersList",
        "expirationDate",
        "offerCampaignUri",
        "offerDescription",
        "offerDetailedDescription",
        "offerId",
        "offerStatus",
        "offerTitle",
        "offerType",
        "propositionGuid",
        "startDate"
      ],
      "items": {
        "type": "object",
        "properties": {
          "offerId": {
            "type": "string",
            "description": "Id of the Offer",
            "example": "930007921"
          },
          "offerTitle": {
            "type": "string",
            "description": "Title of the Offer",
            "example": "Free Footlong"
          },
          "offerDescription": {
            "type": "string",
            "description": "Text name of the campaign on the offer",
            "example": "www.subway.com"
          },
          "offerDetailedDescription": {
            "type": "string",
            "description": "Description of the Offer",
            "example": "Free Footlong"
          },
          "startDate": {
            "type": "string",
            "description": "Date on which the offer begins",
            "example": "2017-01-28"
          },
          "expirationDate": {
            "type": "string",
            "description": "Date on which the offer expires",
            "example": "2018-01-28"
          },
          "offerStatus": {
            "type": "string",
            "description": "Indicate the current state of an offer",
            "example": "ACTIVE"
          },
          "offerCampaignUri": {
            "type": "string",
            "description": "Unique identifier for the offer campaign.",
            "example": "subdig3:offermanager:offercampaign#9404a8ea-5b2a-48f2-a4c6-e938928884a6"
          },
          "propositionGuid": {
            "type": "string",
            "description": "Unique identifier for a specific offer within a campaign",
            "example": "subway:AC-QBjLtYfCzhJLR2XzczKiYQ-CmyJ4PdHJBuPOF7AJ7OQ"
          },
          "offerType": {
            "type": "string",
            "description": "Type of offer",
            "example": "Non S&D"
          },
          "LegalDisclaimersList": {
            "type": "array",
            "items": {
                "$ref": "#/definitions/legalDisclaimerList"
            }
          },
          "ImagesList": {
            "type": "array",
            "items": {
                "$ref": "#/definitions/imagesList"
            }
          },
          "CTAList": {
            "type": "array",
            "items": {
                "$ref": "#/definitions/ctaList"
            }
          }
        }
      }
    },
    "legalDisclaimerList": {
      "type": "object",
      "required": [
        "legalDisclaimer"
      ],
      "properties": {
        "legalDisclaimer": {
          "type": "string",
          "description": "Terms and Conditions text for the offer",
          "example": "TEXT"
        }
      }
    },
    "imagesList": {
      "type": "object",
      "required": [
        "offerImageChannelType",
        "offerImageURL"
      ],
      "properties": {
        "offerImageChannelType": {
          "type": "string",
          "description": "Content Type for the Image on the offer",
          "example": "MOBILE"
        },
        "offerImageURL": {
          "type": "string",
          "description": "URL for the image on the offer",
          "example": "http://subway-mkt-stage1-res.campaign.adobe.com/res/subway_mkt_stage1/subway_sm.png"
        }
      }
    },
    "ctaList": {
      "type": "object",
      "required": [
        "offerClickToActionTitle",
        "offerClickToActionUrl"
      ],
      "properties": {
        "offerClickToActionUrl": {
          "type": "string",
          "description": "Click to Action URL for the offer",
          "example": "www.subway.com"
        },
        "offerClickToActionTitle": {
          "type": "string",
          "description": "Click to Action Title for the offer",
          "example": "www.subway.com"
        }
      }
    }
  }
}